"0","tamaramorrison@hotmail.com","pbkdf2:sha256:260000$Ac0snVRf9S2ERuBN$04211b471aca45d1196b8d9a2b995f963f11ce2b2c9929451b9bba5a66a43dc8","Gary","Cross"
"1","martha10@hotmail.com","pbkdf2:sha256:260000$HRRk2oMxBm03Botu$35e95c9577d3f1c012fc95d7c6eae0cea159eb8fd1fc6c139932b0516e0aad0c","Denise","Thornton"
"2","deborah64@gmail.com","pbkdf2:sha256:260000$869NO8hUpu7pamHt$7bd62ab6d6d63a8b06f77b80b5c23237b0256c65dbc1201983bf04e36e8ed08a","Jeanne","Green"
"3","franklinjames@yahoo.com","pbkdf2:sha256:260000$gm62FnHOSzsuPJvu$e607ebc35dc3c35de7afc6cf7267842804ededc1c5fa5b22c4bc7903e978eff4","John","Hoffman"
"4","samanthasims@yahoo.com","pbkdf2:sha256:260000$ibu60QwGbDUWPEqJ$4f6bd705f1c3e7577ce4115d907e20341a36d4c381eac4a47276c459ad102833","Timothy","Parker"
"5","taguilar@hotmail.com","pbkdf2:sha256:260000$MT1j9zT4ig7himq0$6d4c8ee352203efb2bb5c75a937a7b0692366086a7567328d9a56ab40a97afbf","Linda","Freeman"
"6","georgedavid@yahoo.com","pbkdf2:sha256:260000$bLo7ZmpPN3XaICMf$6443e8d8346f46aa9b487c34ccb066e745c312f76310934f98fb10c30dbd471b","Sandra","Brown"
"7","chad50@yahoo.com","pbkdf2:sha256:260000$auL1w10NMMTHY0pT$e2df5be9077599e6a5b074462b39a7dac6e17faa4c7ff187b8200ac08f88fe65","Paula","Wilkerson"
"8","jyang@hotmail.com","pbkdf2:sha256:260000$8oPLUVpHEqWTntA0$652f8ae326203ea8a74efc8c2ee08cacfee46c993a8aae03cd1abb3d2bb488ed","Willie","Garcia"
"9","bramirez@gmail.com","pbkdf2:sha256:260000$PMSqZ2G2ld7YJqo5$2c726853f9ec6b33b716b2c2df11168510498ac0c18421476ce24a05755a6266","Michael","Montgomery"
"10","kellypeter@gmail.com","pbkdf2:sha256:260000$YoBTTsQUIImSmbVP$a275c6604e9abb97ab9b4b50cf9947618323bf0bae738d39aad5a1f58d51485d","Melissa","James"
"11","tarasanders@gmail.com","pbkdf2:sha256:260000$hauxPI3LU9ypIp0l$c53641370a2513cd5de52bb5888770e583356bfaef74dc05f88270fb719357b2","Lisa","Bush"
"12","virginia18@yahoo.com","pbkdf2:sha256:260000$jN4XlKhu9NQuled6$cd1d93c2feba13dd25afb72d4269da010ae339584622c35c6671f887c2c7c5a6","Bruce","Miller"
"13","jensenanthony@hotmail.com","pbkdf2:sha256:260000$NgD5apWnqHJUoES5$0cb866e9ecfb943ccc1e3987adf27949e12445e301c250a3418b413e3264ee9c","Mark","Burnett"
"14","kmalone@gmail.com","pbkdf2:sha256:260000$aWSDN7yr9azirX7K$ec789dd3c0d1559de0d4a72200a9f33fed256f64d4f0dd9e85661a2be42cbe9b","Courtney","Valdez"
"15","kingerin@hotmail.com","pbkdf2:sha256:260000$C7yinx0V8Xmr4vIc$6173d0fc30ee054d29cca59f78658cca67ecc79cafddf13052c0059741ce9a2b","Henry","Moss"
"16","meganbrady@gmail.com","pbkdf2:sha256:260000$OE7340eixc3VrDFd$1588e9ada4a20595b77a5f6e99bd9376870d9b8d205003772809a04a49ca8220","Amy","Fowler"
"17","kgomez@gmail.com","pbkdf2:sha256:260000$RFuyWvKUbHNfzuz3$444acd103b316b0d3ad25f6bc8d2faf29ef6f40754f66d8f426ef83e8b67b319","Tammy","Reilly"
"18","thomaspeters@hotmail.com","pbkdf2:sha256:260000$bIr1e9i3tYD7DjZN$58ada1fdd5d74ebcc6160e1776e02c685c96a87dea147bdc01441bc4287ff7de","Robin","Harris"
"19","susan06@yahoo.com","pbkdf2:sha256:260000$ojNoIIM3k3cnOupn$759385d1692ec5f7d8bd67f737571cb61332751fc19b7a6b33248ba684524c5d","Jared","Vaughn"
"20","william86@gmail.com","pbkdf2:sha256:260000$8F8dp77xcKUuLY8s$073f562de7b3aae92e8e42519644567fac5ce008434de60aba649ca199898863","Lauren","Mcdaniel"
"21","michaelanderson@hotmail.com","pbkdf2:sha256:260000$bDYd4hWSKjbiaqwC$b1e71e54a460a1ac5daf2b4ceac1e65df6b6aa4c4d83bd5050a6ef4bbe67a0c9","Brian","Richardson"
"22","deleonwilliam@gmail.com","pbkdf2:sha256:260000$e0woxxhb85bTk5MG$bf4432e7d034a45e8beeb1bdb248ea5d568425c2f1c9289e2b6f844004da1b36","Maria","Harris"
"23","joshua07@yahoo.com","pbkdf2:sha256:260000$KJPgHO5Wv8Y5pv51$f4552a22107842949aa593a530239895003cec933b4a0173ea077f1a9afd4ce8","Heather","Davis"
"24","leonardsutton@gmail.com","pbkdf2:sha256:260000$Uxexln1yJa7CHJXh$40d79acd6ce8a90b240aee1535854d46c0b078a797d69362ef722abd237e04c5","Patrick","Spears"
"25","hromero@hotmail.com","pbkdf2:sha256:260000$GjmKAp3lp2XkuOsi$04656ac52641ba3c20930eacbaa457833bf90e2a08c684e4b067580528594b57","Debra","Aguilar"
"26","angela30@gmail.com","pbkdf2:sha256:260000$t21lE6ntotvpAsrK$76c084ac745513d702e8ab159419655458eb2ab675de8c8c62c5eb1db0c9dc13","Cody","Crawford"
"27","ygraham@hotmail.com","pbkdf2:sha256:260000$UzCXH4JK5FPhVxzb$28ee51f04c891a1412822bb86490778a19df9376d71c62c4bc12e1af39e09630","Cynthia","Faulkner"
"28","millerlori@yahoo.com","pbkdf2:sha256:260000$nXBlxtO80CzXh4Nb$d2387b5f450ee963022348db5c20636cc9f15b7cbdf58ac2aa6452f79bd331f2","Kelly","Casey"
"29","pmartinez@yahoo.com","pbkdf2:sha256:260000$Xwv4UdbYGQGaZ6eh$f038d72011c01d2a32728b7bd3b527f9f9dfdebfca048edcbaef3d8e5abedc4c","Thomas","Patel"
"30","stafforderic@gmail.com","pbkdf2:sha256:260000$CUvsb3DKP1bLqpup$e3bb034abb1de8fe719b9906a85a7fa473183cbe7720835a2215ae7e44a71e15","Johnny","Martinez"
"31","smithsabrina@gmail.com","pbkdf2:sha256:260000$TjJMbiCNrF5qszKL$0885819d096380cd839c6b91530aeea4ed8d04b52159773a46b639e7b2ac8675","David","Turner"
"32","rmiranda@hotmail.com","pbkdf2:sha256:260000$pkzIaRdFtHl05ruI$2d5807a676321aad8781f6483deb938759d40e24a2779fc99587246e8ba5df02","Evelyn","Hendricks"
"33","millersamuel@yahoo.com","pbkdf2:sha256:260000$PxIwSpzAJiUa4Yc4$dda01241220ea24a088d10bc075569718355fed61067c41f4667851e73defdcf","Paula","Walter"
"34","cherylstewart@yahoo.com","pbkdf2:sha256:260000$lqYEFkHa4D3TGd6c$4fb766cb0407c7b6ce2d81c635a7ffa40170459b051ac7e8afe1671057d61d12","Derrick","Webb"
"35","santanajimmy@gmail.com","pbkdf2:sha256:260000$MCE7pdLT6quNjMQi$0229e4840629b82b95b3bf312bc471199bf9336f694505bbc7fee1bfe39c0e0d","Patrick","Graves"
"36","stephenbeck@yahoo.com","pbkdf2:sha256:260000$0RvbAPHnMqxdAkVp$3e8cc1c3a03036177d61726f393f217200df14f55650860384bdabc7ab14b3ab","Leah","Bell"
"37","palmercassandra@hotmail.com","pbkdf2:sha256:260000$F1UjQinxItfVPaaw$5221c51b8217910e50f74a9a64fd29fb863b0d6cc5021a91d8027d49c09574aa","Dalton","Fritz"
"38","alisongreer@yahoo.com","pbkdf2:sha256:260000$uUZytXntoMOV9ESS$79d74f03a2858ac137fb912f280925d83b2db8f9dc5711d890198aa65f462d9c","Madeline","Stevenson"
"39","jasondavis@hotmail.com","pbkdf2:sha256:260000$KziyE3WzsPqdQWOU$46ae59939858295e89e5f85191c4872bf7aadc76c5e6314d1c1ad1686a0ebeab","Valerie","Charles"
"40","markchan@gmail.com","pbkdf2:sha256:260000$zURoOnIlZj9qXrmB$c28ed413560417d817f4ebc7d9442538c330986ec3ac396704efbd65b638934b","James","Scott"
"41","castroallen@gmail.com","pbkdf2:sha256:260000$IBgCzYh62QgtahiW$7d1c71c360a689d02e5323f3bf333fc11dcc4c9c25ca59370b975efead55b7aa","Jennifer","Garcia"
"42","caleb01@yahoo.com","pbkdf2:sha256:260000$U7amkG7rpw52a1oc$f5d6b38c27397a292a631ecde60304bc13f9d33bd5d47f66600c9c5d387dcfe4","Keith","Jones"
"43","guerrerothomas@hotmail.com","pbkdf2:sha256:260000$PzhuiJXlf5UuLwv4$f2fc2c612b654364552b42020e88d70d10bd03212e25e431bd6b87e00f493251","Lori","Moore"
"44","allison58@hotmail.com","pbkdf2:sha256:260000$9cfaVcUHijiEGXMu$9000376a9a06ea925a6f1759da51fa9bca05c379e5d4360e1946826cbec29f7c","Ariel","Freeman"
"45","jeremy24@yahoo.com","pbkdf2:sha256:260000$VlNoAhECqiYzEVGY$d07b1895e9e682a477beda563ae99412f99726587de13c603491ed5b6f803630","Randy","Bernard"
"46","johnny46@hotmail.com","pbkdf2:sha256:260000$bpA8zlkoocqi6Him$52f2214cd889a72ce833b0617e5a63b49131c9964d12829969f3d9582365a9fe","Timothy","Kerr"
"47","james07@yahoo.com","pbkdf2:sha256:260000$pWhSz1sXCIdO4IyK$07f760596cf6ea5521ae5d9908143741c0094eee4f6472b18e6d5db86040c69a","William","Crawford"
"48","marquezpaula@hotmail.com","pbkdf2:sha256:260000$T7fxq6Km7bfOYDyu$0b287eb230c8eadc1d646c9cdddf6ea24212444f760b72583f3ba62033384e83","Jonathan","Davis"
"49","josephmason@hotmail.com","pbkdf2:sha256:260000$zoADQZAQ79xTkP4o$7071833fd464307453e1683a30eddb42a9f46502ce42221799d1d4a57e20ee03","Kathryn","Noble"
