Travel,Travel,,,,,,,,,
Pets,Pets,,,,,,,,,
Kitchenware,Kitchenware,,,,,,,,,
Furniture,Furniture,,,,,,,,,
Electronics,Electronics,,,,,,,,,
Sports,Sports,,,,,,,,,
Toiletries,Toiletries,,,,,,,,,
Clothing,Clothing,,,,,,,,,
Books,Books,,,,,,,,,
School,School,,,,,,,,,
Clothing ,Clothing,,,,,,,,,
Furniture ,Furniture,,,,,,,,,
Footwear ,Clothing,,,,,,,,,
Pet Supplies ,Pets,,,,,,,,,
Eternal Gandhi Super Series Crystal Paper Weight...,Furniture,,,,,,,,,
Pens & Stationery ,Books,,,,,,,,,
Sports & Fitness ,Sports,,,,,,,,,
Beauty and Personal Care ,Clothing,,,,,,,,,
Bengal Blooms Rose Artificial Plant  with Pot (3...,Furniture,,,,,,,,,
"Bags, Wallets & Belts ",Clothing,,,,,,,,,
Home Decor & Festive Needs ,Furniture,,,,,,,,,
Automotive ,Travel,,,,,,,,,
Tools & Hardware ,Electronics,,,,,,,,,
Vishudh Printed Women's Straight Kurta,Clothing,,,,,,,,,
Vishudh Printed Women's Anarkali Kurta,Clothing,,,,,,,,,
BuildTrack PIR Wireless Motion Sensor - One Swit...,Electronics,,,,,,,,,
Skayvon SUMMERSIBLE SINGLE PHASE PUMP CONTROLLER...,Electronics,,,,,,,,,
MASARA Solid Women's Straight Kurta,Clothing,,,,,,,,,
Skayvon SUBMERSIBBLE THREE PHASE PUMP CONTROLLER...,Electronics,,,,,,,,,
Behringer Xenyx 502 Analog Sound Mixer,Electronics,,,,,,,,,
Noor Embroidered Women's Straight Kurta,Clothing,,,,,,,,,
Libas Printed Women's A-line Kurta,Clothing,,,,,,,,,
Libas Printed Women's Anarkali Kurta,Clothing,,,,,,,,,
Home Furnishing ,Furniture,,,,,,,,,
Baby Care ,Toiletries,,,,,,,,,
Mobiles & Accessories ,Electronics,,,,,,,,,
Food & Nutrition ,Kitchenware,,,,,,,,,
Watches ,Electronics,,,,,,,,,
Toys & School Supplies ,School,,,,,,,,,
Jewellery ,Clothing,,,,,,,,,
Cellbazaar Blackberry 8520 WHITE LCD LCD (YIT-562),Electronics,,,,,,,,,
Dressberry Gold Synthetic  Clutch,Clothing,,,,,,,,,
Mast & Harbour Black Synthetic  Clutch,Clothing,,,,,,,,,
Sisel Printed Poly Cotton Women's Stole,Clothing,,,,,,,,,
"Knight Ace Kraasa Sports Running Shoes, Cycling ...",Clothing,,,,,,,,,
Indistar Self Design Viscose Women's Stole,Clothing,,,,,,,,,
Glacier Running Shoes,Clothing,,,,,,,,,
Dressberry Black Synthetic  Clutch,Clothing,,,,,,,,,
Asics Gel-Cumulus 17 Running Shoes,Clothing,,,,,,,,,
Mast & Harbour Gold Synthetic  Clutch,Clothing,,,,,,,,,
Asics Gel-Kayano 22 Running Shoes,Clothing,,,,,,,,,
Dressberry Orange Synthetic  Clutch,Clothing,,,,,,,,,
Dressberry Green Synthetic  Clutch,Clothing,,,,,,,,,
Escan Lace Up,Clothing,,,,,,,,,
Nine Maternity Wear Women's Fit and Flare Dress,Clothing,,,,,,,,,
Sunglasses,Travel,,,,,,,,,
Kitchen & Dining ,Kitchenware,,,,,,,,,
Home & Kitchen ,Kitchenware,,,,,,,,,
Computers ,Electronics,,,,,,,,,
Cameras & Accessories ,Electronics,,,,,,,,,
ANAND ARCHIES Girls Flats,Clothing,,,,,,,,,
ANAND ARCHIES Girls Wedges,Clothing,,,,,,,,,
"Prime Printed 8 Seater Table Cover (Multicolor, ...",Kitchenware,,,,,,,,,
Health & Personal Care Appliances ,Toiletries,,,,,,,,,
Speedwav 240437 Sun Shade For Hyundai i10 (Dashb...,Travel,,,,,,,,,
Gaming ,Electronics,,,,,,,,,
Home Improvement ,Furniture,,,,,,,,,
Sumo Baby Walker (Red),Clothing,,,,,,,,,
"Kombee Girl's Printed Red, Pink Top & Capri Set",Clothing,,,,,,,,,
NEWGEN TECH EO-HS3303 218 Wired Headset (White),Electronics,,,,,,,,,
Automation & Robotics ,Electronics,,,,,,,,,
K&P Dr.Ambedkar Large 04 Showpiece  -  19 cm (Po...,Clothing,,,,,,,,,
K&P Lord Ganesha Large 03 Showpiece  -  19 cm (P...,Clothing,,,,,,,,,
"Adidas IND PRO THI GUA Thigh Guard (White, Blue,...",Clothing,,,,,,,,,
clickforsign Avoid Contanimation Wash your Hands...,Toiletries,,,,,,,,,
Treppe Bellies,Clothing,,,,,,,,,
Kanvas Bellies,Clothing,,,,,,,,,
Clickforsign Vehicles parked Illegally will be t...,Electronics,,,,,,,,,
clickforsign Sound horn Before entering Emergenc...,Electronics,,,,,,,,,
kem Flow Gold skinny Fit Baby Girl's Blue Jeans,Clothing,,,,,,,,,
Carbanao Chrome Grill Chevrolet Cruze Car Grill ...,Electronics,,,,,,,,,
Oddy RS 1.5 X 2 100 Sheets Self Stick Reposition...,School,,,,,,,,,
Synergy SFJB0105 Grocery Bag (Blue),Clothing,,,,,,,,,
"SHOPOJ White Paper Sky Lantern (80 cm X 34 cm, P...",Furniture,,,,,,,,,
SUPERMOD Men's Brief,Clothing,,,,,,,,,
Sunglasses ,Travel,,,,,,,,,
Lilliput Top Baby Girl's  Combo,Clothing,,,,,,,,,
Frabjous German silver Rings For Women Alloy Zir...,Clothing,,,,,,,,,
Royal Seal Creations 40 ST COLOR Silver Zircon N...,Clothing,,,,,,,,,
Home Entertainment ,Furniture,,,,,,,,,
ANASAZI Casual 3/4 Sleeve Solid Women's Top,Clothing,,,,,,,,,
INVENTURE RETAIL Nail Cutter,Clothing,,,,,,,,,
Fabpoppy Printed Women's Jumpsuit,Clothing,,,,,,,,,
Power Smart Quick Charging Pack For PAN CGR-DU-2...,Electronics,,,,,,,,,
Gking Hand Stiched Steering Cover For Maruti Ert...,Electronics,,,,,,,,,
GM Power mate 4 Strip Surge Protector (White),Electronics,,,,,,,,,
Shrih SH-0192 Wired USB Flexible Keyboard (Red),Electronics,,,,,,,,,
"Threads & Pals Full Sleeve Printed, Solid Men's ...",Clothing,,,,,,,,,
Threads & Pals Full Sleeve Self Design Men's Swe...,Clothing,,,,,,,,,
Gking Hand Stiched Steering Cover For Renault Sc...,Electronics,,,,,,,,,
Power Smart Quick Charging Pack For PAN CGR-D28 ...,Electronics,,,,,,,,,
xy decor Cotton Sofa Cover (white Pack of 6),Furniture,,,,,,,,,
Favourite BikerZ 3514 RAD air filter Ionic Air F...,Travel,,,,,,,,,
Disney Printed Baby Boy's Hooded Grey T-Shirt,Clothing,,,,,,,,,
Little Stars Girl's A-line Multicolor Dress,Clothing,,,,,,,,,
Wearable Smart Devices ,Electronics,,,,,,,,,
The Crazy Me 1 Compartments Eco-Friendly leather...,Electronics,,,,,,,,,
fourgee Slim Fit Boy's Black Jeans,Electronics,,,,,,,,,
Laser X Checkered Men's Boxer (Pack of 4),Clothing,,,,,,,,,
INKT INKT A5 Wiro Notebook A5 Notebook Ring Boun...,Electronics,,,,,,,,,
E'Hiose Girl's Leggings (Pack of 6),Clothing,,,,,,,,,
"Lucky Thailand GL/ LG30 Glass (300 ml, Clear, Pa...",Electronics,,,,,,,,,
"Ocean GP/Pyramid Glass (300 ml, Clear, Pack of 12)",Furniture,,,,,,,,,
Wella Elements Leight Weight Renewing Conditione...,Toiletries,,,,,,,,,
Pu-Good Women Flats,Clothing,,,,,,,,,
Olvin Aviator Sunglasses,Clothing,,,,,,,,,
TSG Breeze Printed Women's Round Neck Multicolor...,Clothing,,,,,,,,,
Pout Brass Bangle,Clothing,,,,,,,,,
classyworld Brass Cufflink (Silver-01),Clothing,,,,,,,,,
TIMBERLAKE Slim Fit Fit Women's Brown Jeans,Clothing,,,,,,,,,
Urban Girl Foundation Brush (Pack of 12),Toiletries,,,,,,,,,
FEET FLOW Women Flats,Clothing,,,,,,,,,
Jazz Eyewears Over-sized Sunglasses,Travel,,,,,,,,,
Miss Wow Slim Fit Women's Blue Jeans,Clothing,,,,,,,,,
Dilan Jewels Alloy Zircon 18K Yellow Gold Bangle...,Clothing,,,,,,,,,
SMART TRADERS Women Wedges,Clothing,,,,,,,,,
PrivateLifes MasterPiece Women's Push-up Bra,Clothing,,,,,,,,,
COIRFIT Single Coir Mattress,Furniture,,,,,,,,,
Clovia Women's T-Shirt Bra,Clothing,,,,,,,,,
Spa Culture Fit Fit Women's Black Jeans,Clothing,,,,,,,,,
run of luck Solid Women's Round Neck Dark Blue T...,Clothing,,,,,,,,,
"SAY UV Sterilizer Solid Filter Cartridge (0, Pac...",Electronics,,,,,,,,,
Legmark Slim Fit Women's Light Blue Jeans,Clothing,,,,,,,,,
Siyas Collection Lac Cubic Zirconia Bangle Set (...,Clothing,,,,,,,,,
Dassler Slim Fit Women's Multicolor Jeans,Clothing,,,,,,,,,
REMSON INDIA Women Flats,Clothing,,,,,,,,,
INDILEGO Women Flats,Clothing,,,,,,,,,
"Firangi Cotton, Polyester Free Floor Mat Firangi...",Clothing,,,,,,,,,
Starsy Solid Women's Round Neck Green T-Shirt,Clothing,,,,,,,,,
Oly Two Fit Fit Women's Black Jeans,Clothing,,,,,,,,,
Olvin Rectangular Sunglasses,Travel,,,,,,,,,
soie Fashion Women's Sports Bra,Clothing,,,,,,,,,
"Auraa Men's, Women's Solid No Show Socks",Clothing,,,,,,,,,
NEWGEN TECH EO-HS3303 179 Wired Headset (White),Electronics,,,,,,,,,
Attitude Printed Women's Round Neck Black T-Shirt,Clothing,,,,,,,,,
"Kalpaveda Copper Bowl (Gold, Pack of 1)",Kitchenware,,,,,,,,,
Walkline Slippers,Clothing,,,,,,,,,
D&D Women Flats,Clothing,,,,,,,,,
e-Fresh Baby Boy's Brief (Pack of 10),Clothing,,,,,,,,,
NEWGEN TECH EO-HS3303 58 Wired Headset (White),Electronics,,,,,,,,,
Ajaero Slim Fit Women's Dark Blue Jeans,Clothing,,,,,,,,,
Ruhi's Creations Cotton Floral King sized Double...,Clothing,,,,,,,,,
"SAY Thread Wounded Candle 10\"" Set of 4 pcs Solid...",Furniture,,,,,,,,,
The Cotton Company Solid Women's Polo Neck Pink ...,Clothing,,,,,,,,,
"Samprada Modern art Tapestry (Black, Pink)",Furniture,,,,,,,,,
Naaz Dart game Board Game,School,,,,,,,,,
Oly Two Fit Fit Women's Dark Blue Jeans,Clothing,,,,,,,,,
Camey Men's Quarter Length Socks,Clothing,,,,,,,,,
Wellon Fittings set (16 pieces) for RO Water Pur...,Clothing,,,,,,,,,
Amita Home Furnishing Cotton Printed Single Beds...,Furniture,,,,,,,,,
Impala Alloy Cufflink (White),Clothing,,,,,,,,,
Ruhi's Creations Polyester Silk Blend Cartoon Ki...,Clothing,,,,,,,,,
Naaz 2 in 1 Paper Quilling Board Game,School,,,,,,,,,
Starsy Printed Women's Round Neck Black T-Shirt,Clothing,,,,,,,,,
Fly U Slim Fit Fit Women's Brown Jeans,Clothing,,,,,,,,,
Crafty Hands Kutchchi Mirrorwork Tapestry (Maroon),Furniture,,,,,,,,,
"tadd Men's, Women's Ankle Length Socks",Clothing,,,,,,,,,
Dolz Slim Fit Fit Women's Brown Jeans,Clothing,,,,,,,,,
Shrih Toe & Foot Protector Pain Relief Pad (Pack...,Toiletries,,,,,,,,,
LondonHouze Printed Women's Round Neck Grey T-Shirt,Clothing,,,,,,,,,
Legmark Slim Fit Women's Blue Jeans,Clothing,,,,,,,,,
Linzina Fashions LIN-HOSS-1.5 Faucet Set,Clothing,,,,,,,,,
soie Fashion Women's Full Coverage Bra,Clothing,,,,,,,,,
Clovia Women's Plunge Bra,Clothing,,,,,,,,,
Foot Candy Women Flats,Clothing,,,,,,,,,
Amita Home Furnishing Cotton Floral Single Bedsh...,Furniture,,,,,,,,,
883 Police Full Sleeve Solid Men's Jacket,Clothing,,,,,,,,,
Style World Women Flats,Clothing,,,,,,,,,
Just Wow Women Flats,Clothing,,,,,,,,,
SMART TRADERS Women Flats,Clothing,,,,,,,,,
Ruhi's Creations Cotton Cartoon King sized Doubl...,Clothing,,,,,,,,,
"SJ Bushnell 122/1000M Binoculars (36 mm, Black)",Travel,,,,,,,,,
"SJ Barstel 56m / 1000m Binoculars (30 mm, Black)",Travel,,,,,,,,,
"SJ Comet Zoom DPSI Binoculars (30 mm, Black)",Travel,,,,,,,,,
Pia International 10X70X70 WITH ZOOM SAKURA Bino...,Travel,,,,,,,,,
"SHOPOJ Purple Paper Sky Lantern (80 cm X 34 cm, ...",Furniture,,,,,,,,,
Car vastra 1pcs Car Vastra Honda Beige Backrest ...,Travel,,,,,,,,,
"Sj Bushnell 119M / 1000 Binoculars (36 mm, Black)",Travel,,,,,,,,,
Himmlisch 20503 Car Bottle Holder (Plastic),Travel,,,,,,,,,
V&G Professional HD-37 Hair Dryer (Red),Toiletries,,,,,,,,,
Anuradha Art Stylish Hair Clip (Blue),Toiletries,,,,,,,,,
Shonaya Printed Bhagalpuri Art Silk Sari,Clothing,,,,,,,,,
JUSF2 Black Color Hair Band (Multicolor),Toiletries,,,,,,,,,
Sonaxo Men Running Shoes,Sports,,,,,,,,,
Koie  Battery - For Samsung 7562 Premium Quality...,Electronics,,,,,,,,,
OEM 170774 Bike Side Stand,Sports,,,,,,,,,
Kittens Boys Flats,Clothing,,,,,,,,,
AutoKraftZ Optimum Locking Device For Bajaj Puls...,Electronics,,,,,,,,,
Dremel 2615.023.132 Plastic Friction Work Bench ...,Electronics,,,,,,,,,
Eyewear ,Clothing,,,,,,,,,
"ABEEZ Boys, Men, Girls (Black, Pack of 1)",Clothing,,,,,,,,,
"Joyra Heart Sterling Silver Swarovski Crystal, S...",School,,,,,,,,,
BLM Casual Printed Women's Kurti,Clothing,,,,,,,,,
SMART DENIM Solid Women's White Denim Shorts,Clothing,,,,,,,,,
ATV Pouch for Acer Liquid Z330 (STEEL BLUE),Electronics,,,,,,,,,
