Clothing ,Clothing
Furniture ,Furniture
Footwear ,Clothing
Pet Supplies ,Pets
Pens & Stationery ,Books
Sports & Fitness ,Sports
Beauty and Personal Care ,Toiletries
"Bags, Wallets & Belts ",Clothing
Home Decor & Festive Needs ,Furniture
Automotive ,Travel
Tools & Hardware ,Electronics
Vishudh Printed Women's Straight Kurta,Clothing
Vishudh Printed Women's Anarkali Kurta,Clothing
MASARA Solid Women's Straight Kurta,Clothing
Behringer Xenyx 502 Analog Sound Mixer,Electronics
Noor Embroidered Women's Straight Kurta,Clothing
Libas Printed Women's A-line Kurta,Clothing
Libas Printed Women's Anarkali Kurta,Clothing
Home Furnishing ,Furniture
Baby Care ,Toiletries
Mobiles & Accessories ,Electronics
Food & Nutrition ,Kitchenware
Watches ,Electronics
Toys & School Supplies ,School
Jewellery ,Clothing
Dressberry Gold Synthetic  Clutch,Clothing
Mast & Harbour Black Synthetic  Clutch,Clothing
Sisel Printed Poly Cotton Women's Stole,Clothing
Glacier Running Shoes,Sports
Dressberry Black Synthetic  Clutch,Clothing
Asics Gel-Cumulus 17 Running Shoes,Sports
Mast & Harbour Gold Synthetic  Clutch,Clothing
Asics Gel-Kayano 22 Running Shoes,Sports
Dressberry Orange Synthetic  Clutch,Clothing
Dressberry Green Synthetic  Clutch,Clothing
Escan Lace Up,Clothing
Sunglasses,Travel
Kitchen & Dining ,Kitchenware
Home & Kitchen ,Kitchenware
Computers ,Electronics
Cameras & Accessories ,Electronics
ANAND ARCHIES Girls Flats,Clothing
ANAND ARCHIES Girls Wedges,Clothing
Health & Personal Care Appliances ,Toiletries
Gaming ,Electronics
Home Improvement ,Furniture
Sumo Baby Walker (Red),Clothing
Automation & Robotics ,Electronics
Treppe Bellies,Clothing
Kanvas Bellies,Clothing
Synergy SFJB0105 Grocery Bag (Blue),Kitchenware
SUPERMOD Men's Brief,Clothing
Sunglasses ,Travel
Lilliput Top Baby Girl's  Combo,Clothing
Home Entertainment ,Furniture
INVENTURE RETAIL Nail Cutter,Toiletries
Fabpoppy Printed Women's Jumpsuit,Clothing
Wearable Smart Devices ,Electronics
fourgee Slim Fit Boy's Black Jeans,Clothing
E'Hiose Girl's Leggings (Pack of 6),Clothing
Pu-Good Women Flats,Clothing
Olvin Aviator Sunglasses,Travel
Pout Brass Bangle,Clothing
classyworld Brass Cufflink (Silver-01),Clothing
FEET FLOW Women Flats,Clothing
Jazz Eyewears Over-sized Sunglasses,Travel
Miss Wow Slim Fit Women's Blue Jeans,Clothing
SMART TRADERS Women Wedges,Clothing
COIRFIT Single Coir Mattress,Furniture
Clovia Women's T-Shirt Bra,Clothing
Spa Culture Fit Fit Women's Black Jeans,Clothing
REMSON INDIA Women Flats,Clothing
INDILEGO Women Flats,Clothing
Oly Two Fit Fit Women's Black Jeans,Clothing
Olvin Rectangular Sunglasses,Travel
soie Fashion Women's Sports Bra,Clothing
"Kalpaveda Copper Bowl (Gold, Pack of 1)",Furniture
Walkline Slippers,Clothing
D&D Women Flats,Clothing
e-Fresh Baby Boy's Brief (Pack of 10),Clothing
Ajaero Slim Fit Women's Dark Blue Jeans,Clothing
Naaz Dart game Board Game,School
Oly Two Fit Fit Women's Dark Blue Jeans,Clothing
Camey Men's Quarter Length Socks,Clothing
Impala Alloy Cufflink (White),Clothing
Naaz 2 in 1 Paper Quilling Board Game,School
Fly U Slim Fit Fit Women's Brown Jeans,Clothing
"tadd Men's, Women's Ankle Length Socks",Clothing
Dolz Slim Fit Fit Women's Brown Jeans,Clothing
Legmark Slim Fit Women's Blue Jeans,Clothing
soie Fashion Women's Full Coverage Bra,Clothing
Clovia Women's Plunge Bra,Clothing
Foot Candy Women Flats,Clothing
Style World Women Flats,Clothing
Just Wow Women Flats,Clothing
SMART TRADERS Women Flats,Clothing
V&G Professional HD-37 Hair Dryer (Red),Electronics
Anuradha Art Stylish Hair Clip (Blue),Toiletries
Sonaxo Men Running Shoes,Sports
OEM 170774 Bike Side Stand,Sports
Kittens Boys Flats,Pets
Eyewear ,Toiletries
BLM Casual Printed Women's Kurti,Clothing