"0","Find community","24.58","false"
"1","Fish somebody dinner former","253.18","true"
"2","South ability no affect","70.97","true"
"3","Fly find","99.98","true"
"4","Serve rule","458.46","false"
"5","People worker time decide rest","305.94","true"
"6","Account knowledge action child cut","296.81","true"
"7","Seek third since laugh","268.52","false"
"8","Speak might fight social","170.51","false"
"9","Yeah sense up add","430.91","false"
"10","Idea school still","475.87","true"
"11","Local week color","481.24","true"
"12","Me media onto","94.84","false"
"13","Loss easy why","59.06","true"
"14","Smile reveal","452.75","true"
"15","None position hand","49.48","false"
"16","Friend through data","114.97","false"
"17","Expert cell style believe tough","481.91","true"
"18","Under entire society","166.21","false"
"19","National senior how artist","175.55","true"
"20","Unit operation foreign loss","252.38","true"
"21","The arrive former within","286.35","false"
"22","Social per","81.18","false"
"23","Suddenly really social standard","139.59","false"
"24","Identify agency","463.58","true"
"25","Southern feel fear","79.62","false"
"26","Participant traditional","212.03","false"
"27","Weight southern church","215.96","false"
"28","Politics catch information where car","477.71","false"
"29","Collection bar drug dark wrong","367.83","true"
"30","Soldier heavy","135.45","false"
"31","Training see we find","228.55","true"
"32","Address star role yard","409.43","true"
"33","Give song computer respond current","496.15","false"
"34","Child speech represent performance","85.51","true"
"35","Statement unit","210.10","true"
"36","Economic attack food laugh newspaper","311.12","true"
"37","She open answer","490.56","false"
"38","Mr management admit","24.76","true"
"39","Manage probably minute","294.94","true"
"40","Head nation so","452.79","false"
"41","Thus society oil","6.73","false"
"42","Audience white step generation","51.38","true"
"43","Although address politics training","205.01","false"
"44","Start now family","2.22","false"
"45","Attack simply protect something camera","196.76","true"
"46","Prepare blue tend","201.51","false"
"47","Success ago five","215.66","true"
"48","Speech other question indeed message","322.06","true"
"49","Leader contain culture along","61.37","false"
"50","Run some Congress result","141.07","false"
"51","Series window","439.63","true"
"52","Size improve hit nice","226.79","false"
"53","Poor modern","110.65","false"
"54","Difference rock music check","84.38","true"
"55","Box people point month","404.23","false"
"56","Actually small case","263.27","false"
"57","Establish indicate very art eat","136.24","false"
"58","Reason environmental","190.37","true"
"59","Recent grow crime","174.29","true"
"60","Could her movement","128.85","true"
"61","Tough agree move analysis","222.87","true"
"62","Source cut feel","43.13","false"
"63","Good challenge business rule sometimes","388.37","true"
"64","Tonight east trouble two","297.88","true"
"65","Local cover","218.34","false"
"66","Social cell","418.80","false"
"67","Can value leave should","163.78","false"
"68","Cell animal ready at","303.22","true"
"69","Than discuss","320.13","false"
"70","Water while woman travel not","206.94","false"
"71","Happy thought early president board","59.68","true"
"72","Group member it","76.76","true"
"73","Consider probably against change","262.40","true"
"74","Same throughout","496.13","false"
"75","Past two management friend pattern","106.05","false"
"76","Mention future yard","462.43","false"
"77","Sound late","65.04","true"
"78","Various exactly several effect","9.43","false"
"79","Spring room with","465.91","false"
"80","Admit who ok","157.51","true"
"81","Take budget agency century strong","25.84","false"
"82","Send guess you","42.97","true"
"83","Fish plan pick again","235.35","false"
"84","Civil tree action","443.00","true"
"85","Yard treat begin should property","442.28","false"
"86","Fine so say","274.40","false"
"87","Media successful anyone candidate defense","118.12","true"
"88","Among nice","302.92","false"
"89","Practice how save several","268.80","false"
"90","Decision particular network pull organization","387.06","false"
"91","Note understand enough production scene","420.40","false"
"92","Environment land trouble staff follow","39.91","false"
"93","Sea speak subject yet","168.75","true"
"94","Cultural pull above us adult","383.59","true"
"95","Program after scientist ever travel","154.33","true"
"96","Owner traditional fill address","439.73","false"
"97","Game before","197.58","false"
"98","Everything true water short","363.23","false"
"99","Else behind upon young","283.06","false"
"100","Whom forward arm prove","89.36","false"
"101","Music field","473.34","false"
"102","World give","10.57","true"
"103","Together far enough ability","80.31","false"
"104","Box political herself","405.48","true"
"105","Agent actually whose defense","90.59","true"
"106","No enough case action","216.67","false"
"107","Four once","135.42","true"
"108","Science draw","267.90","true"
"109","Five modern there resource","58.71","true"
"110","Star much","160.19","true"
"111","Manage management conference energy although","488.86","false"
"112","Phone director accept teach","392.87","true"
"113","You out thus","84.02","true"
"114","Various watch choice cause natural","208.49","true"
"115","Explain single share down","470.01","false"
"116","Garden worry put he","33.52","true"
"117","Water offer son defense","268.23","true"
"118","Six born old nice","317.12","true"
"119","Eight energy continue industry","49.40","true"
"120","Talk conference language","41.47","false"
"121","Thank goal chance","495.26","true"
"122","Old yeah interview","407.75","true"
"123","Half air","209.72","true"
"124","You face","353.25","false"
"125","That party","206.78","false"
"126","Outside work upon article","90.21","false"
"127","Mean last offer","199.29","true"
"128","Adult toward small","160.61","false"
"129","Sense fine street make case","105.47","true"
"130","Perhaps where dinner","3.28","false"
"131","Team reveal player","410.70","true"
"132","Top hope station","444.94","false"
"133","Throughout statement like responsibility","69.03","false"
"134","General something face material","203.90","true"
"135","Space water realize market","482.58","true"
"136","Dark factor tell billion","138.20","true"
"137","Film clearly decide","295.75","true"
"138","Bit your","129.73","false"
"139","Control everything war","190.13","false"
"140","Free other modern","133.13","true"
"141","Game interest","247.40","true"
"142","Interesting wear base","446.32","false"
"143","American call statement","415.03","false"
"144","Might wish street space","204.69","true"
"145","Pay cover","165.82","false"
"146","American tonight try","326.45","true"
"147","Now population in full","52.92","true"
"148","Dog price wind","110.49","false"
"149","Tax activity mission","214.91","true"
"150","Big send guy thing tell","128.65","true"
"151","Often not not produce","135.55","true"
"152","Beyond former","318.36","true"
"153","Themselves field number","49.50","false"
"154","Trade different draw","20.91","true"
"155","Live necessary interesting easy","319.12","false"
"156","Respond bill late","482.83","false"
"157","Skill course laugh","81.77","true"
"158","Identify involve hospital capital others","250.14","true"
"159","Tough radio not account land","496.27","false"
"160","Eye fire growth","17.54","true"
"161","Some nature against answer imagine","319.38","false"
"162","Popular too high inside","407.94","true"
"163","And give source share","60.79","true"
"164","Moment better of music defense","297.52","false"
"165","Board business","79.70","true"
"166","Low painting employee","104.06","false"
"167","The candidate","353.84","false"
"168","East them","60.19","false"
"169","Inside part court already","357.85","false"
"170","Red score speak","24.39","false"
"171","Look lay score inside significant","445.68","true"
"172","Federal movement","121.43","false"
"173","Television its factor","194.41","false"
"174","Successful field crime","124.52","true"
"175","Defense soldier term each","267.46","false"
"176","One live","347.12","true"
"177","Space specific enter","199.50","true"
"178","Page skill","212.54","false"
"179","Sound here environment list","487.73","true"
"180","Along which","286.30","true"
"181","Interesting measure value two","126.81","true"
"182","Chair cover care","458.91","true"
"183","Everybody rock after level","315.98","true"
"184","Cold team","267.51","false"
"185","Without finish","487.86","false"
"186","Discussion would arrive teacher where","84.27","true"
"187","Middle model pick Republican same","286.51","false"
"188","Discuss our five","345.35","true"
"189","One sort blue since long","128.55","true"
"190","Require computer","82.55","true"
"191","Painting mother anything","117.03","false"
"192","Lawyer west particularly","142.67","false"
"193","Woman at kid box","375.12","true"
"194","Full describe economy","180.80","false"
"195","Medical science mind","456.08","false"
"196","Office represent","235.09","true"
"197","Structure chair same impact","287.04","false"
"198","Everything center wind note","279.40","true"
"199","Program prove very street know","370.80","false"
"200","Network alone culture","145.71","true"
"201","Area hand room","196.16","true"
"202","Person strategy large","1.05","false"
"203","Nearly water realize put","187.53","true"
"204","Shoulder matter not","370.11","false"
"205","Professor will themselves","192.35","false"
"206","Mean series nothing","290.04","false"
"207","Day claim contain","118.05","true"
"208","How institution seek","74.78","false"
"209","Pretty note fear","195.14","false"
"210","Program hair","316.74","true"
"211","Group leave","97.39","false"
"212","Sign attention","343.77","false"
"213","Manager major newspaper","373.51","false"
"214","Child above lawyer","440.52","false"
"215","Bag should partner","233.79","true"
"216","Quality information citizen without","275.37","false"
"217","Ability wide attention fact level","283.46","false"
"218","Attorney final sell wonder leg","226.82","true"
"219","Thousand ask possible decide","69.85","false"
"220","Concern above","286.74","false"
"221","Lot consider stay throughout itself","154.55","true"
"222","Another institution","495.83","true"
"223","Why like","107.14","false"
"224","Community paper","34.02","false"
"225","Just writer citizen","416.27","true"
"226","Traditional probably article","229.62","false"
"227","Position article probably","24.07","true"
"228","Should enough act end","477.12","true"
"229","Have five","267.83","true"
"230","Question theory per deep method","153.67","true"
"231","Continue attack expect","448.54","false"
"232","Check head huge standard turn","417.06","false"
"233","All evening process of run","161.30","true"
"234","Visit against","406.41","true"
"235","Same wall wife before eight","29.97","true"
"236","Doctor even side over","373.87","true"
"237","Name have TV","136.46","true"
"238","Impact walk","409.46","false"
"239","Case friend","104.09","false"
"240","Move authority compare peace","430.70","true"
"241","What may simple","29.80","false"
"242","Left north while","258.13","false"
"243","Goal test finish","367.89","true"
"244","Sell positive blood home","191.30","true"
"245","Very well religious those","363.88","true"
"246","Attention heavy debate","98.06","false"
"247","Practice town billion painting","316.05","false"
"248","Clearly left fund","478.98","false"
"249","Into color later case","237.17","false"
"250","Word good business us region","356.45","false"
"251","Business true guy","24.12","false"
"252","Them particularly admit live down","104.26","true"
"253","He father evidence question","173.79","true"
"254","Clearly bad project turn","458.88","true"
"255","Little Mr population add","11.10","false"
"256","Religious week money purpose","471.48","true"
"257","Camera live note fight","197.00","true"
"258","Describe coach concern worker laugh","5.64","true"
"259","Likely machine environmental pressure treatment","232.43","true"
"260","Offer present pretty","229.62","false"
"261","Interesting shake wife","16.93","false"
"262","Magazine paper age physical","102.72","false"
"263","Reality size move","358.23","false"
"264","Trouble you eight describe pattern","189.50","true"
"265","Space majority bit instead","404.46","false"
"266","Stand service public according","473.58","false"
"267","Begin actually team","214.26","false"
"268","Various picture rule","329.85","false"
"269","Break debate fear degree","477.10","true"
"270","Dog receive wife","326.41","false"
"271","Drive minute according","67.62","true"
"272","Film kitchen","137.25","true"
"273","Summer rather future career similar","206.90","false"
"274","Late surface concern law","135.97","false"
"275","Make garden social man","320.06","false"
"276","Half plan total your","425.95","false"
"277","Perhaps such those","331.58","true"
"278","Quickly wind include allow","277.44","true"
"279","Similar age option war","313.54","true"
"280","Wide method","274.24","true"
"281","Measure brother","27.33","false"
"282","Anything rate significant meet","9.76","false"
"283","Lot party mother","345.28","false"
"284","East within walk","378.31","true"
"285","Stage could number","166.19","true"
"286","Create day party decade","195.20","false"
"287","Past trade believe","365.39","true"
"288","Approach beautiful","230.37","false"
"289","Heavy development nice most","311.13","false"
"290","Hard movement similar certainly","243.78","false"
"291","Go entire change carry when","78.11","false"
"292","Reality population","335.64","false"
"293","Next week scientist recognize","404.64","false"
"294","Similar myself","210.02","false"
"295","Operation next black bag","172.53","false"
"296","Management common popular","341.74","false"
"297","Must small hair strong reveal","174.97","false"
"298","Character event artist later","407.63","false"
"299","Charge or put upon rather","82.58","true"
"300","Space good from","179.29","true"
"301","So magazine worker official","454.11","false"
"302","Air Mrs budget","419.85","false"
"303","Pass he","465.99","true"
"304","Production consider state","114.48","false"
"305","Watch religious star head full","451.57","true"
"306","Indicate scientist offer issue","244.24","true"
"307","Anything court many ability","53.20","true"
"308","Rather summer","96.67","true"
"309","Help budget television","262.97","true"
"310","Arrive body modern bit","287.91","true"
"311","Bad wall conference view oil","467.18","false"
"312","Stuff north development","142.97","true"
"313","Coach upon project draw","381.79","false"
"314","Here operation participant affect","50.06","false"
"315","Change treatment","156.09","true"
"316","Office her","340.60","true"
"317","Ready avoid government","218.42","true"
"318","Summer or","240.56","true"
"319","Mean edge among direction","384.40","false"
"320","Water happen","106.31","true"
"321","Adult represent any despite","181.76","true"
"322","Hot physical sound just learn","448.75","true"
"323","Nature realize southern street","94.09","false"
"324","Town wide card board","124.81","true"
"325","Education answer blood","75.69","false"
"326","Religious base service","418.79","true"
"327","Capital culture their","319.63","true"
"328","Interest concern important son","312.16","true"
"329","Type rest name term","471.26","false"
"330","Peace spend up","396.52","false"
"331","Must cut","430.20","true"
"332","Step test several news","456.78","false"
"333","Of condition professor","243.14","true"
"334","Face fight face region","179.34","true"
"335","Order too","452.06","true"
"336","Area either","373.09","true"
"337","Wonder space","312.04","false"
"338","Page smile less mother","344.77","false"
"339","Face partner draw go","164.21","false"
"340","House south environmental","492.98","true"
"341","Charge world reveal","419.32","true"
"342","Always concern","231.76","true"
"343","Stuff rock foreign","335.50","true"
"344","Live environmental almost hand fear","458.72","false"
"345","Red forward spend","149.35","false"
"346","Born baby culture power","350.86","true"
"347","Technology practice yes","226.82","false"
"348","Type improve simple know garden","377.27","false"
"349","Unit send strategy","11.04","true"
"350","Value institution wait","257.12","true"
"351","Far many thing arrive","277.83","false"
"352","Per camera much woman","25.57","true"
"353","Who dinner alone","56.49","false"
"354","Generation option lead increase","118.04","false"
"355","Stop law you well","132.76","true"
"356","Already crime factor","121.10","false"
"357","Weight main","164.23","false"
"358","Bit data guy think","91.47","false"
"359","Finally tell method","460.07","false"
"360","Eye especially phone","0.74","true"
"361","Thousand a rich","301.79","false"
"362","Civil main also","335.63","false"
"363","There question visit race build","107.28","true"
"364","Evidence local land","98.43","true"
"365","Left skill clear","113.97","false"
"366","Everyone design possible left","67.89","false"
"367","Large rock throw anything","291.66","true"
"368","Office another perform view","14.01","false"
"369","Attention all forward","11.90","false"
"370","Bill imagine former day","471.31","true"
"371","Kitchen thing finish later would","75.72","true"
"372","Laugh such carry","155.68","true"
"373","Game quickly use friend","34.46","false"
"374","Born carry","131.35","true"
"375","Class game may","441.96","true"
"376","Animal suddenly property name student","89.50","false"
"377","Data language his few","116.15","false"
"378","Perform run firm best","77.82","true"
"379","Mouth arrive control section","66.03","true"
"380","Culture all glass","246.39","false"
"381","From be player thought ready","250.79","false"
"382","Go issue yet build administration","272.72","false"
"383","Agency nice probably","218.49","false"
"384","Local shake dog recognize","499.42","false"
"385","Argue back although teacher","425.17","true"
"386","Option enough specific","435.93","true"
"387","Son time Democrat deal pattern","451.48","true"
"388","Enough very","371.92","false"
"389","Quickly fall third former","484.82","true"
"390","Talk some third positive certain","37.16","true"
"391","Campaign financial animal while kid","75.83","false"
"392","Participant parent","419.58","false"
"393","Wind news analysis throughout every","205.88","true"
"394","Yet politics toward","317.53","true"
"395","Project science understand","482.12","true"
"396","Once whether power","98.31","true"
"397","From month impact","189.75","true"
"398","Popular hold memory appear","24.37","false"
"399","Soon college","191.45","false"
"400","Law international couple","377.31","true"
"401","Indeed marriage why","232.69","true"
"402","Research water","48.02","false"
"403","Deal foreign anything","258.66","false"
"404","Employee international scene","200.88","true"
"405","Yourself until federal","311.40","false"
"406","Window term management","65.15","true"
"407","Economic build million","475.91","true"
"408","Far far such thus","244.79","false"
"409","Data strong relationship","187.94","true"
"410","Skin almost itself","209.69","false"
"411","Can beautiful arrive","477.06","true"
"412","Most book","24.15","true"
"413","Team white figure kid","97.77","true"
"414","Close of enough","148.76","true"
"415","Out total black budget certain","79.01","true"
"416","Describe employee last","461.28","false"
"417","New too few know organization","214.13","false"
"418","Customer score sport prepare","288.31","true"
"419","Quickly again imagine cut","104.42","false"
"420","Animal right","251.55","false"
"421","Hope part everything","296.19","true"
"422","Attention among","444.77","false"
"423","Level job soon husband ground","347.64","false"
"424","Yet outside now store","307.75","true"
"425","Expert player need","297.95","false"
"426","Cause offer three","222.38","false"
"427","Able daughter take social actually","310.86","false"
"428","Image seem","374.48","false"
"429","Risk him decision walk account","52.79","false"
"430","Increase physical","174.42","false"
"431","Chair fund effort your","454.93","false"
"432","Think include how","311.13","true"
"433","Language three something","476.17","false"
"434","Act gun","480.84","true"
"435","Pm event wait describe","170.11","true"
"436","Make figure some","186.74","true"
"437","Simple call","139.10","false"
"438","Year you region list wonder","125.47","false"
"439","Thing store forget","132.27","true"
"440","Single hundred let","48.85","true"
"441","During leader old series along","404.00","false"
"442","Experience sense find physical","420.42","true"
"443","Often clear","225.56","true"
"444","Provide suffer list bank","238.86","false"
"445","Every option long","44.82","false"
"446","Statement finally list finish","474.39","true"
"447","Blood away","126.88","false"
"448","Attention opportunity study against","277.22","true"
"449","Such raise coach read","80.31","false"
"450","College half lay week","77.42","true"
"451","Federal specific","469.22","true"
"452","Line news especially since","204.72","true"
"453","Have need eye","40.57","true"
"454","Listen draw adult","11.42","false"
"455","Fear always staff","50.39","false"
"456","Same investment short","132.53","false"
"457","Specific find sound join region","91.85","false"
"458","Care nor can","482.99","false"
"459","Blood born culture","33.73","false"
"460","You entire prepare into build","131.87","true"
"461","Our week still","469.06","true"
"462","Themselves right anyone","474.63","true"
"463","Cultural green together","218.20","true"
"464","Unit new TV law","103.06","false"
"465","Republican wall imagine story middle","487.87","true"
"466","Off store firm","318.20","false"
"467","Political institution individual deal","208.74","false"
"468","Region different leave act","350.75","false"
"469","Along front sit your work","324.91","false"
"470","Test morning article attack fast","94.34","true"
"471","Behind number","17.38","false"
"472","Be part allow","377.16","true"
"473","Interesting religious","303.95","false"
"474","Deal western","242.99","true"
"475","Development wear leg citizen owner","127.17","true"
"476","Magazine mean represent","460.51","true"
"477","Stay law call seem","197.05","true"
"478","Easy often all capital","268.13","true"
"479","Home deal important","101.91","true"
"480","Likely improve good","376.92","false"
"481","Red however draw","442.31","true"
"482","Price trouble if example","467.26","true"
"483","Fish future","341.77","true"
"484","Could maintain position","23.90","true"
"485","Subject hard usually direction campaign","92.86","false"
"486","Past spend research out I","31.25","false"
"487","Local sing money","63.33","false"
"488","Still fire","437.06","false"
"489","Them career realize","315.45","false"
"490","Probably base open scene","459.00","true"
"491","Significant debate front free","244.71","false"
"492","Court hot audience machine admit","100.00","true"
"493","Final might before","387.76","false"
"494","Community two back better","305.12","true"
"495","Hotel ever seek","324.64","false"
"496","Name sound still for best","459.43","false"
"497","Establish process","17.51","false"
"498","Line go","464.23","true"
"499","Meet other close","140.87","false"
"500","Case establish cost buy","113.17","true"
"501","Last generation across","100.44","true"
"502","Trip election","95.73","true"
"503","Employee grow ok physical","493.48","false"
"504","Husband heavy stuff cover","465.38","false"
"505","Another everything those","495.20","false"
"506","Treatment early wait","12.19","false"
"507","Trouble image wind","313.85","false"
"508","Risk whether","55.72","false"
"509","Statement religious force us","114.92","true"
"510","Adult coach represent","382.26","false"
"511","Each technology hot tax","193.41","false"
"512","Identify stand positive record","496.35","true"
"513","Student treatment challenge vote","249.69","true"
"514","Defense brother foot","8.43","true"
"515","Growth bill during","340.29","false"
"516","Accept stay","275.72","false"
"517","Try wait side part","488.73","false"
"518","Leave provide story","149.16","false"
"519","Design institution","337.08","true"
"520","Author somebody car","58.14","true"
"521","Company cover","102.68","false"
"522","Moment price","400.86","false"
"523","Matter ever stock","108.78","false"
"524","Audience generation set","300.39","true"
"525","Adult possible six","239.99","false"
"526","Star difficult sea other set","260.65","true"
"527","Avoid material line other","130.22","true"
"528","Enough American over road","406.44","false"
"529","Statement number PM main","63.25","true"
"530","Home employee month fund","71.42","true"
"531","Rock before training","204.13","false"
"532","Center hope executive weight group","83.72","true"
"533","Create behavior","442.28","false"
"534","Collection personal network nature","95.62","true"
"535","Loss safe growth range","346.64","true"
"536","Clearly relate fire","254.50","false"
"537","Opportunity fish","81.33","true"
"538","Collection sure simple between say","421.78","true"
"539","Police identify carry minute parent","269.13","false"
"540","Factor kind probably sound","327.40","false"
"541","Blood whose marriage kid","390.27","true"
"542","Woman strategy","321.44","true"
"543","Middle once news develop news","240.81","true"
"544","Work more","149.64","true"
"545","Man interview","455.91","false"
"546","Amount national war sense","296.67","false"
"547","Institution name perform themselves","36.11","true"
"548","Democratic political population","335.68","true"
"549","If during because share actually","157.51","false"
"550","Certain thus","186.97","true"
"551","Certainly worker receive","339.62","false"
"552","Result nothing college thought","458.40","true"
"553","Image him soldier suddenly myself","208.18","false"
"554","Prepare fight","100.03","false"
"555","Figure produce across","466.37","true"
"556","Would wind","263.42","false"
"557","Skill middle theory ok","143.02","true"
"558","Someone west","447.70","false"
"559","Soldier run","489.18","false"
"560","Oil popular order join future","382.50","false"
"561","Put money kind quickly","183.09","false"
"562","Threat house her move","0.22","false"
"563","Generation almost score city","91.58","false"
"564","Low Republican since present guy","88.63","true"
"565","Skill environmental create health","312.67","true"
"566","Work writer summer","87.03","false"
"567","Write pattern concern toward fast","417.71","false"
"568","Point fine over red","439.91","false"
"569","Help day","353.26","false"
"570","Meet news economic make","365.94","false"
"571","Seven card safe","395.40","true"
"572","Wish raise","363.64","false"
"573","Heart that American","239.47","false"
"574","Tv it ask information","380.38","true"
"575","Indicate part","229.73","false"
"576","Reach risk painting camera","157.73","false"
"577","Military daughter be","71.32","true"
"578","Growth mention local","296.05","true"
"579","Plant environmental time option","0.84","false"
"580","Better court name among","198.91","false"
"581","Call newspaper get","285.26","true"
"582","Include positive join plant ever","432.10","true"
"583","Far sing hand industry","484.04","true"
"584","Parent certain cut","261.82","false"
"585","Recent blue politics firm","320.22","true"
"586","Someone relate modern owner it","262.29","false"
"587","Method know not","333.96","false"
"588","General family","378.07","true"
"589","Consumer better grow story","17.96","false"
"590","Wait occur first test senior","28.12","false"
"591","Hospital ready marriage grow","23.98","true"
"592","Behavior game including all","471.52","true"
"593","Level let great performance","397.01","true"
"594","Away thing bed concern worker","123.99","false"
"595","Provide blue manage player administration","79.88","true"
"596","Care its someone point","104.21","true"
"597","Wish where Mrs","2.25","false"
"598","Southern size run reason act","236.66","false"
"599","Site should keep","373.22","false"
"600","Avoid less food","428.49","true"
"601","Consider treat road science","159.22","false"
"602","Environment president station visit indeed","378.93","true"
"603","Until across must father","199.72","false"
"604","Green understand media each","463.46","true"
"605","Film these issue","142.36","true"
"606","Drug partner","104.71","false"
"607","Area probably line and","357.92","true"
"608","Offer much charge","291.84","false"
"609","Player degree window","465.73","false"
"610","Exactly reach difficult","364.53","true"
"611","Strong always single","444.35","false"
"612","Enough walk despite","415.95","true"
"613","Owner avoid especially writer air","193.53","false"
"614","Hear remember similar rise employee","276.37","false"
"615","Fact safe about response heart","417.45","false"
"616","Reflect new choose adult","302.31","true"
"617","Third situation customer","140.59","false"
"618","Few mind soon","306.45","false"
"619","Work low plan education which","209.05","false"
"620","Herself less","415.26","false"
"621","Style kind","498.93","false"
"622","Week along change determine","385.09","true"
"623","Mrs usually","456.69","false"
"624","Gun describe","280.09","true"
"625","Final develop turn","248.81","true"
"626","Unit gas personal","499.06","true"
"627","First Mr another travel","8.23","true"
"628","Major six your","256.30","true"
"629","Kind by us","22.21","false"
"630","Throughout believe project","366.93","false"
"631","Involve of service drive attack","375.48","false"
"632","Product eye remain ten","309.33","true"
"633","Spring different level","45.50","false"
"634","Market research","230.84","false"
"635","Ever quality","103.22","false"
"636","Message west take","54.52","false"
"637","These which sign politics enter","135.54","false"
"638","Impact relationship individual though","52.19","false"
"639","Fish hundred","371.88","false"
"640","Recently similar","347.95","true"
"641","Actually hand","38.26","true"
"642","Position onto control","281.69","false"
"643","Something really manage read","451.54","true"
"644","Western only four a","107.67","true"
"645","Parent nor make development","247.75","false"
"646","Issue far job edge majority","48.94","true"
"647","Sell hope","332.82","false"
"648","Yes responsibility heavy","446.67","true"
"649","Market east movie present","317.07","true"
"650","Kid important risk","144.76","true"
"651","Ten bed","426.13","true"
"652","Teach with food clearly society","392.15","false"
"653","Behavior the","63.13","false"
"654","History floor very mother","363.24","false"
"655","Raise staff why college","257.75","false"
"656","Bit hope service","437.44","true"
"657","Hear or work","346.96","false"
"658","Able where","355.94","true"
"659","Authority prepare yes","57.72","false"
"660","Apply spring blood response","192.26","false"
"661","Charge lead music","383.15","true"
"662","Such language company sea television","80.76","true"
"663","Job successful animal","287.09","false"
"664","Until say least","411.88","false"
"665","Hotel thank","109.74","false"
"666","Truth become build","206.95","true"
"667","Address guy month","289.03","false"
"668","Case case","38.57","false"
"669","Whose worry close","362.87","false"
"670","Take reach","164.91","false"
"671","Water nature boy reach","122.24","false"
"672","Understand others baby dream","149.91","false"
"673","Important social artist","200.35","true"
"674","Bill both after analysis","492.49","true"
"675","Behind successful of why","105.31","true"
"676","Authority probably","111.99","true"
"677","Task much region give","341.91","true"
"678","Home order indicate force","77.00","true"
"679","I within candidate","434.99","false"
"680","Professional positive must","22.53","false"
"681","Theory increase concern","334.30","false"
"682","Push first crime onto","419.48","true"
"683","Show take no pick","126.95","false"
"684","Song onto","185.41","false"
"685","Important school kind consumer beat","187.86","false"
"686","Some although middle","352.81","true"
"687","Teach note word be","484.35","true"
"688","Whatever ten far available","39.76","true"
"689","Build assume each argue no","172.88","true"
"690","Skin sense","423.22","false"
"691","Employee listen require","125.89","true"
"692","Degree crime management","130.01","true"
"693","Discover through feel","126.41","true"
"694","Beat trouble matter spend beat","119.85","false"
"695","Always address successful","157.33","false"
"696","Thousand career professor ready","328.14","false"
"697","Group now bill know","447.54","true"
"698","Bit knowledge coach owner","290.52","true"
"699","Claim up behavior","455.24","false"
"700","Social some man","257.76","true"
"701","Everyone involve never only","144.54","true"
"702","Reveal bad experience","259.83","true"
"703","Wonder until","302.67","true"
"704","Enjoy best","195.85","false"
"705","Language address social","83.45","false"
"706","Deep goal sing","75.83","false"
"707","Management continue force","351.01","true"
"708","Stand baby just","273.30","false"
"709","Language Mrs raise","54.54","false"
"710","Official up material country continue","15.55","true"
"711","Or box citizen former","153.67","true"
"712","Career including control reason amount","156.98","true"
"713","Top just mind","272.99","true"
"714","Walk actually continue number imagine","66.57","false"
"715","Meet small road wind","343.93","false"
"716","Become assume police sister","331.10","true"
"717","That his hotel require","96.43","false"
"718","Firm card","150.73","true"
"719","Argue cold ever","206.77","false"
"720","Response cultural lot player","165.22","true"
"721","Challenge event today","372.65","false"
"722","Information least imagine","211.11","true"
"723","Final discover success","351.81","true"
"724","Throughout commercial interest","371.79","true"
"725","Admit allow reduce","141.35","false"
"726","Will cup base feel Mrs","342.02","false"
"727","As mother director much land","245.70","false"
"728","Officer down single southern name","280.06","true"
"729","International trouble","476.61","true"
"730","Follow join","302.26","false"
"731","Statement number everyone peace can","145.24","true"
"732","Yourself near receive","191.86","true"
"733","Huge wall house","196.38","true"
"734","Director herself true","88.41","true"
"735","Article husband including down head","83.62","true"
"736","Simply to miss light after","436.67","true"
"737","Deal material interview together","31.59","true"
"738","Would magazine author","197.73","true"
"739","The shake federal","154.67","true"
"740","Result interesting","381.48","true"
"741","Go up town","133.88","true"
"742","Be certainly property mean","27.36","true"
"743","Significant international","304.08","false"
"744","New and rich attack serve","98.08","false"
"745","Oil official station those fish","360.49","true"
"746","Movie health Republican we","445.00","false"
"747","Eat price wife","112.71","true"
"748","Policy doctor the","422.14","true"
"749","Candidate best small hold still","339.25","false"
"750","Cultural at care share","399.07","false"
"751","Television money student","281.79","false"
"752","Report nearly help them","367.09","true"
"753","Attack from attention including","141.92","false"
"754","Final mention one","29.66","false"
"755","Character court its property trade","353.26","false"
"756","Successful upon TV police officer","382.20","false"
"757","Focus close","218.43","false"
"758","Back practice","187.91","false"
"759","Agent record structure one","333.76","false"
"760","Leave world science","359.95","false"
"761","Suffer land lot","158.93","false"
"762","Institution agency which","209.18","false"
"763","Degree cultural rule including","321.97","false"
"764","Same former picture western","1.98","true"
"765","Position inside official hold","295.89","true"
"766","Better even onto story stage","363.47","false"
"767","Guess owner on","63.94","false"
"768","Else wish peace know","122.24","true"
"769","Red about perhaps green","379.07","false"
"770","Claim Mr force","315.10","false"
"771","Always follow","58.13","false"
"772","Tree visit here give","308.73","true"
"773","Play crime produce","280.00","false"
"774","Shake agree","2.09","true"
"775","Leave speak behind student","81.70","false"
"776","Yes hard clear","450.59","true"
"777","His performance watch sign","444.74","true"
"778","Occur surface","225.20","true"
"779","Analysis health business","212.63","true"
"780","Cover thank","90.58","true"
"781","Individual carry pick room","71.89","false"
"782","Buy movement","363.31","true"
"783","Professor show","464.05","false"
"784","Half firm fish","301.06","false"
"785","Often usually","350.75","false"
"786","Check condition maintain strategy","69.05","true"
"787","Girl sure fund","136.74","false"
"788","Position fish admit","336.60","false"
"789","Quite crime administration","250.98","false"
"790","Account have south thank","331.71","true"
"791","Cover since various computer","130.12","false"
"792","Nice care scene","233.52","false"
"793","Use still successful south","372.11","false"
"794","Film marriage write in","206.60","false"
"795","Allow example model","463.40","false"
"796","Majority past camera almost","361.13","false"
"797","Able discuss beyond","197.53","false"
"798","Single address","147.71","true"
"799","Star member","136.19","true"
"800","Down sit base","453.28","false"
"801","Age series","387.45","false"
"802","Possible theory let pattern","311.00","true"
"803","Design whether available everyone","405.14","false"
"804","Question religious herself bill","208.06","true"
"805","From race street perform","123.80","true"
"806","Tv direction job","441.81","false"
"807","Poor list TV subject","338.48","false"
"808","Any turn blue college receive","395.96","false"
"809","Reduce find beat","233.81","true"
"810","Reflect stage visit","426.81","true"
"811","Charge recognize home create","249.47","true"
"812","Set special","13.52","false"
"813","What sign memory","278.71","true"
"814","Government society at","177.04","true"
"815","Position story sense painting","33.65","true"
"816","Figure home officer son walk","202.52","true"
"817","Street six price sort","253.99","true"
"818","Attention natural","285.34","false"
"819","Control local even","137.95","false"
"820","Pick very","413.65","false"
"821","Partner better turn factor","112.56","true"
"822","Material person cultural","221.32","true"
"823","Of perform something","339.97","false"
"824","Agreement former phone","246.51","true"
"825","All key develop suddenly","276.91","true"
"826","Accept popular line stage","110.65","false"
"827","Moment thus bar smile","450.31","true"
"828","Middle camera program","299.93","true"
"829","American case power teacher","261.40","false"
"830","Let party explain big list","483.95","true"
"831","Best mention","264.74","true"
"832","Four into lay game huge","247.98","true"
"833","Top road season course","65.19","false"
"834","Visit rather she trade","153.96","true"
"835","Foreign though during admit","68.27","true"
"836","Interview rule bag offer","132.73","false"
"837","Themselves purpose seat","484.00","true"
"838","And again","116.64","true"
"839","They garden through sport","222.70","false"
"840","Social similar attack finally","336.16","true"
"841","Staff style win","344.58","true"
"842","Though seat meet","346.73","true"
"843","History hotel leader","422.74","false"
"844","Board data newspaper I","496.82","true"
"845","Too sell hear party sure","268.97","false"
"846","Situation full north","209.04","false"
"847","Lawyer indeed response doctor watch","383.31","false"
"848","Today north throughout","243.94","true"
"849","Finally turn mean","332.99","true"
"850","Safe feeling","306.62","false"
"851","However industry buy score general","48.85","true"
"852","Environmental item majority","327.52","true"
"853","Behavior recently court leg","253.01","false"
"854","Station by long painting","385.79","true"
"855","Development painting course else account","242.52","false"
"856","Mission care set within","326.66","false"
"857","Same food base","435.68","true"
"858","Study image education career","95.12","true"
"859","Whose although beyond","209.36","false"
"860","At right","460.68","true"
"861","Professor past","94.54","false"
"862","Others home job","42.17","false"
"863","Sure late","367.36","false"
"864","Whether operation necessary some color","423.01","false"
"865","Three prepare","116.87","true"
"866","Listen prevent point glass","322.74","false"
"867","Population develop amount mouth","315.42","true"
"868","Kitchen carry movement","232.92","true"
"869","Line attention take","142.59","true"
"870","Foreign indeed within example research","339.95","false"
"871","Rest raise nor your education","73.93","false"
"872","Key many actually business","88.14","true"
"873","Improve culture represent","39.64","true"
"874","Within middle name","106.78","false"
"875","Town town present","61.78","false"
"876","Draw find action with try","347.74","false"
"877","Pass arm couple building","23.19","false"
"878","Create with teacher establish","491.13","true"
"879","Brother spend ahead action","495.76","true"
"880","Say event number","244.40","true"
"881","Billion past deep network","95.16","false"
"882","Challenge whether past","97.27","true"
"883","Recognize she father despite","78.17","true"
"884","Ago such begin body","361.71","true"
"885","Indeed drop believe let","76.70","false"
"886","Run nice stock success","169.51","false"
"887","Green name list","233.83","false"
"888","Hundred country how down final","7.07","false"
"889","Level rule stuff police people","96.28","true"
"890","Wait movie adult","433.09","true"
"891","Financial wall beyond","118.59","true"
"892","Minute question few","298.98","true"
"893","Doctor would natural","231.03","true"
"894","Onto would","48.64","false"
"895","Hospital effort store current","288.01","false"
"896","Product yet television","442.38","false"
"897","Care method wide scene upon","30.86","false"
"898","Fall bit nation reach","272.18","true"
"899","Role agency lose sing","325.22","true"
"900","Possible chance manage position","484.20","true"
"901","Moment soldier around oil college","247.39","false"
"902","Nature brother on agency part","487.07","true"
"903","Social protect style others response","164.40","false"
"904","Spend even happy whose","104.86","false"
"905","Free product","48.83","true"
"906","Political natural road","230.38","false"
"907","Company already discussion service technology","365.43","true"
"908","Carry investment mean wife","34.65","true"
"909","Environmental shoulder","106.64","true"
"910","So provide old clearly","7.16","true"
"911","Factor describe theory","384.05","true"
"912","Travel include that real","391.66","true"
"913","First street today hospital lead","497.15","true"
"914","Show church such","188.56","false"
"915","Analysis hope safe","322.01","false"
"916","Media bed win","179.29","true"
"917","Bed color station","298.82","true"
"918","Avoid positive","407.71","true"
"919","Democrat with nature property bank","410.65","false"
"920","Foreign interesting hold level audience","378.09","true"
"921","Suffer process radio something","341.36","true"
"922","Certain country","272.05","false"
"923","Special current each","74.95","true"
"924","Crime son yes","40.30","true"
"925","Break save society least","443.18","true"
"926","Yeah employee per","278.38","true"
"927","Conference around commercial","336.83","true"
"928","Former join base","98.20","false"
"929","Let of","348.37","true"
"930","Ground everything develop role","42.30","true"
"931","Someone prepare business our","479.48","false"
"932","Nearly play success role partner","253.55","false"
"933","Sell present community direction today","49.88","false"
"934","Business team audience","244.19","false"
"935","Tax appear moment","256.23","true"
"936","Important second computer cold event","221.29","false"
"937","Should morning none","216.11","true"
"938","Data money fall","344.78","false"
"939","Watch for others","486.23","true"
"940","After piece news Mrs","219.07","false"
"941","Along after somebody local","351.50","false"
"942","Impact particular central","389.38","false"
"943","Author civil stage possible","185.77","true"
"944","And black Republican sort","192.20","true"
"945","Wonder make","373.30","true"
"946","Consumer help area piece","424.12","false"
"947","North speech reason","393.59","true"
"948","Election line meet","268.94","true"
"949","Particularly indicate small become","289.66","true"
"950","Policy minute dinner at","198.97","false"
"951","Story the partner positive single","338.92","true"
"952","Sister yet fast","167.72","false"
"953","Class class at former","497.68","false"
"954","Yeah save tonight million themselves","73.00","false"
"955","Doctor ability security","100.63","false"
"956","Cover debate decade table visit","1.33","true"
"957","It only method rate","496.02","false"
"958","Blue remember account","390.50","true"
"959","East choice mind","118.51","false"
"960","Goal pretty fall clear","442.08","false"
"961","Develop fund building hand","185.82","true"
"962","Professor drive team into","29.43","true"
"963","Put entire PM able","313.90","true"
"964","Language lay area","200.70","false"
"965","Break sort","47.29","true"
"966","Skill white play affect significant","136.09","true"
"967","Especially class already","194.31","true"
"968","Himself sign again","380.48","false"
"969","Than occur occur","465.32","true"
"970","Item debate him alone","433.00","false"
"971","Mean performance act across expert","430.27","true"
"972","Book wonder development","316.98","true"
"973","None many house","296.85","false"
"974","Season audience","393.34","false"
"975","Successful pretty knowledge human","153.79","false"
"976","Enough responsibility","395.23","false"
"977","Left land rate consider","365.99","false"
"978","Far couple none community","214.02","true"
"979","City mother last score","203.16","false"
"980","Miss Mr","130.66","false"
"981","Interesting eat be","15.82","true"
"982","Hard stock fish road young","85.81","true"
"983","Nearly born herself how","217.41","false"
"984","First himself idea","48.24","false"
"985","Majority help","344.50","false"
"986","Camera two enter will","347.73","true"
"987","Avoid Congress list","88.26","false"
"988","Station team clearly so","83.25","true"
"989","Trial generation","88.65","true"
"990","Of instead tonight yet","304.66","false"
"991","Control major","199.03","false"
"992","Important much loss","90.14","false"
"993","Might people recent family","205.49","true"
"994","Seven might opportunity","261.32","true"
"995","Responsibility life","279.11","false"
"996","Whose model","294.20","true"
"997","Quickly involve year","18.31","false"
"998","Wear each","163.23","false"
"999","Authority position recently site","45.68","false"
"1000","Opportunity mouth","334.59","false"
"1001","Than two","398.60","true"
"1002","Cause computer","456.14","true"
"1003","How white visit","419.94","true"
"1004","Short space morning movement","422.64","false"
"1005","Tend art people","321.48","false"
"1006","Would reveal all","237.63","true"
"1007","Agent ok see civil forward","397.59","false"
"1008","Soldier human they","28.99","false"
"1009","Arm require open popular","337.61","false"
"1010","Stop bill southern","497.14","false"
"1011","Develop health billion region happen","487.64","false"
"1012","Tonight my","435.54","false"
"1013","Organization top through technology","451.12","true"
"1014","Two technology get","58.55","true"
"1015","Present authority son will rate","465.21","false"
"1016","Include explain building","352.38","true"
"1017","Today book support size","81.44","true"
"1018","Dog management free","285.56","false"
"1019","Eye after beat entire","451.73","false"
"1020","Out purpose whole place","205.36","false"
"1021","Organization arrive know contain","127.95","false"
"1022","Quickly piece value education","428.33","false"
"1023","What professional peace seven full","449.13","true"
"1024","Find wait","111.79","true"
"1025","Believe middle in","188.45","false"
"1026","Learn west happy increase","20.64","false"
"1027","Natural we provide","481.52","false"
"1028","House prevent check","96.19","true"
"1029","Performance such movie address","388.13","false"
"1030","Impact explain civil positive","376.05","false"
"1031","Finally effort skill assume","160.14","true"
"1032","Decision camera","205.10","false"
"1033","Nice certainly such imagine also","258.27","true"
"1034","Ability garden rather form","353.82","false"
"1035","Practice four stay would","474.70","true"
"1036","His can already","394.72","false"
"1037","Leg quite improve","227.07","false"
"1038","Imagine reveal after","112.16","true"
"1039","Science green","373.05","true"
"1040","Continue certain drive public food","350.46","true"
"1041","Should notice market","62.15","false"
"1042","Style might evidence","219.26","false"
"1043","Program space high about wish","186.71","false"
"1044","Development edge","317.73","false"
"1045","Cultural view together","42.88","false"
"1046","Security add service activity","465.16","true"
"1047","Probably commercial brother head","431.70","true"
"1048","Need friend do among themselves","422.82","true"
"1049","Make arm always","217.69","false"
"1050","West player bar military","252.22","true"
"1051","They join","73.02","true"
"1052","Tax relationship determine","298.94","false"
"1053","Choice author serve","270.97","false"
"1054","Short always how","295.79","false"
"1055","From purpose whom health","105.96","true"
"1056","Again former fine dinner near","173.42","true"
"1057","Seek charge friend","457.48","false"
"1058","Sense play system he","171.00","true"
"1059","Your vote","443.74","false"
"1060","Pm source clear dog fast","362.15","true"
"1061","Less enough how important","218.44","true"
"1062","Animal enough southern particular institution","233.44","false"
"1063","Very it eat likely town","474.39","false"
"1064","Cold firm push","428.79","false"
"1065","Course or charge trouble within","2.08","true"
"1066","Condition reduce","134.89","true"
"1067","By can this will right","155.33","false"
"1068","President cut table boy her","137.18","true"
"1069","Early shoulder blood left","105.78","true"
"1070","Plant audience owner ok stock","187.67","true"
"1071","Agency class campaign such","41.95","true"
"1072","Those rise this network","298.19","true"
"1073","Participant hope","241.74","false"
"1074","Building reduce pass gun","80.15","true"
"1075","Now until buy","389.68","true"
"1076","Report level","240.62","true"
"1077","State early","175.28","false"
"1078","Buy college next son","208.74","true"
"1079","Law cell contain bring","256.83","false"
"1080","Fish either society write sit","115.73","false"
"1081","Fact economic never sort","265.31","false"
"1082","This story room recognize","333.78","false"
"1083","Section reveal walk","238.19","true"
"1084","Drive inside nice","212.08","true"
"1085","Identify close now yet","451.80","true"
"1086","Cost room blue media network","29.37","true"
"1087","Skin event season quite affect","344.23","false"
"1088","Somebody nor energy eye week","84.82","false"
"1089","Him professional","56.35","false"
"1090","Light why","309.98","true"
"1091","Book least sort","408.90","true"
"1092","Mention treatment imagine","89.35","false"
"1093","Suddenly major","493.67","false"
"1094","Only easy","453.74","true"
"1095","Young compare kid themselves road","319.71","false"
"1096","Old pick charge person","372.72","true"
"1097","A require suffer agency nor","362.64","false"
"1098","Fact drug follow life","288.59","false"
"1099","Activity sing","201.90","false"
"1100","After build then","200.45","true"
"1101","Sport former bag news especially","40.91","false"
"1102","Speech music","112.29","false"
"1103","Move add standard south","211.51","true"
"1104","Affect choose great","467.85","true"
"1105","Front decade remain up","317.07","false"
"1106","Some friend cold","250.32","false"
"1107","Box letter","378.59","false"
"1108","Himself business","306.08","false"
"1109","Red store carry conference","352.44","false"
"1110","Believe impact product","413.26","true"
"1111","Study share agree","181.59","true"
"1112","Total action can process","146.87","true"
"1113","Everyone white staff","288.33","true"
"1114","Seven heavy music time option","370.35","true"
"1115","Clear film often realize account","283.50","true"
"1116","Cold indicate there character","362.15","false"
"1117","Upon scene natural television","155.21","true"
"1118","Rise participant","206.52","false"
"1119","Share push kid","292.14","false"
"1120","Data wife send recognize","2.86","false"
"1121","Medical usually east chance","361.68","false"
"1122","Under machine","96.50","false"
"1123","Reflect shoulder every to","90.72","false"
"1124","Now indeed","466.73","true"
"1125","House market tree","14.21","false"
"1126","Good follow develop pass prove","367.05","false"
"1127","Option my serve","46.68","true"
"1128","Talk begin recently laugh","375.27","false"
"1129","Medical hour","369.88","false"
"1130","Memory number crime reduce area","146.66","false"
"1131","Four him suffer lawyer","240.93","true"
"1132","Not worker","140.51","true"
"1133","Assume small total then","5.50","false"
"1134","Some whom program","274.67","true"
"1135","Decide family present likely wind","98.96","true"
"1136","Your system leader half","159.83","true"
"1137","Usually wrong","287.33","false"
"1138","Book stop letter response","461.46","true"
"1139","Particular building end return","140.93","true"
"1140","Difficult car","196.25","false"
"1141","End significant card coach","147.98","true"
"1142","Other her","272.16","true"
"1143","Hold no create themselves upon","196.41","false"
"1144","Time you man","404.38","false"
"1145","Sort add religious","398.32","true"
"1146","Young significant","292.22","true"
"1147","Someone boy explain especially tell","371.45","true"
"1148","Candidate officer rate detail voice","134.74","false"
"1149","Firm tax win look","281.13","false"
"1150","Between animal raise bring those","345.07","true"
"1151","Scientist let look sister gas","148.56","false"
"1152","Wide house","484.17","false"
"1153","Old week eye ok couple","183.44","false"
"1154","Contain suddenly between why","368.69","false"
"1155","Artist customer owner decision","499.55","true"
"1156","Particular sound difficult effect","352.95","false"
"1157","His whom suddenly fine","119.33","false"
"1158","Response young group","69.56","false"
"1159","Mission never","41.07","false"
"1160","Time keep herself myself","327.19","true"
"1161","Pass painting","172.26","false"
"1162","Spring message focus kind","478.93","true"
"1163","Lead federal","165.26","false"
"1164","Sea teacher among garden","299.62","false"
"1165","Partner process know","328.89","false"
"1166","Month bit no person off","467.60","false"
"1167","Avoid cup","454.82","false"
"1168","Describe need eight","195.24","true"
"1169","Level why almost","340.41","true"
"1170","Range prepare player","126.88","false"
"1171","Consumer your","128.14","true"
"1172","Evidence agree across cost crime","326.32","false"
"1173","Affect message body perhaps","300.31","true"
"1174","Doctor artist whom value analysis","333.20","false"
"1175","Choice dark tend loss term","158.84","false"
"1176","Market moment","286.37","false"
"1177","Partner vote out","447.49","false"
"1178","Stock play","52.02","true"
"1179","Personal fast answer","114.65","true"
"1180","Real around soon stay","156.59","true"
"1181","Government throw peace long policy","289.09","false"
"1182","Visit employee","50.50","false"
"1183","If occur bit what provide","465.73","true"
"1184","Until push story poor according","310.26","true"
"1185","Everybody and build grow coach","263.27","false"
"1186","Allow mission sea","477.85","false"
"1187","Nice everyone","320.68","false"
"1188","Team other alone","234.96","false"
"1189","Less understand skill bit","171.80","false"
"1190","Response option instead full","476.69","true"
"1191","Mr case hand dog manager","71.83","false"
"1192","Certain for","141.68","true"
"1193","Less someone","490.07","false"
"1194","Already world specific include music","136.03","false"
"1195","Rate than what","339.01","true"
"1196","Various second report certain","331.48","true"
"1197","Bring notice outside west","460.07","true"
"1198","College country peace","75.25","false"
"1199","Let tough collection head when","341.15","false"
"1200","Life near force group","16.99","false"
"1201","Fast wrong carry experience","60.52","true"
"1202","Bed style board reflect wear","396.25","true"
"1203","Economic option feel fill about","31.25","false"
"1204","Air carry writer hard","212.35","true"
"1205","Mean simple focus until several","398.21","false"
"1206","Dinner majority last","370.32","false"
"1207","Note really","37.21","false"
"1208","Under box","495.25","false"
"1209","Certainly everyone report","382.93","false"
"1210","Human southern huge","325.64","true"
"1211","Staff let","107.50","false"
"1212","Begin health","103.64","true"
"1213","Level well than court","323.46","false"
"1214","Drop series middle thank","472.49","false"
"1215","Partner kid network","470.34","false"
"1216","Deal bad people win","131.25","true"
"1217","Inside write","437.92","false"
"1218","Mind especially against","258.60","true"
"1219","Because door teacher hold","378.93","false"
"1220","College ground center","87.49","false"
"1221","Site how key camera","451.95","false"
"1222","Picture order another significant","229.33","true"
"1223","Act little unit","116.30","true"
"1224","Professional professional remain recognize anyone","473.06","false"
"1225","Dog beautiful study generation","163.31","true"
"1226","Strategy base black cold near","267.61","false"
"1227","Represent central feel right","318.35","false"
"1228","Who strategy owner","448.43","false"
"1229","Hold local usually street sing","295.99","false"
"1230","Land onto board","319.17","true"
"1231","Popular central sport","348.81","false"
"1232","Head should order impact within","196.41","true"
"1233","Imagine believe talk education policy","393.49","true"
"1234","Answer front which","450.80","true"
"1235","Evening nearly consumer usually","476.78","true"
"1236","Quickly then financial people","342.38","true"
"1237","Station human audience","472.54","false"
"1238","Fear subject particularly","195.23","true"
"1239","May instead late put","263.18","false"
"1240","Small much public across","146.42","false"
"1241","Series though early tend","130.20","true"
"1242","Direction thing suffer fact within","255.52","false"
"1243","Anything have answer","51.26","true"
"1244","Federal receive easy","307.00","true"
"1245","Church act","248.76","true"
"1246","Fast country girl","259.12","false"
"1247","Front because","10.42","false"
"1248","Tell there wait","256.88","false"
"1249","Sea avoid goal view","154.43","true"
"1250","Strong front you","85.20","false"
"1251","Expect area","170.26","false"
"1252","Police walk close","399.96","true"
"1253","Yeah unit a improve","396.31","false"
"1254","Forget shake wish","133.72","false"
"1255","Tell choose new recognize","323.54","true"
"1256","Film benefit attention myself","300.30","true"
"1257","Yet paper official our","0.55","false"
"1258","Protect lay","429.29","true"
"1259","Within rock short hard","354.35","true"
"1260","Pull number note break","432.93","false"
"1261","Moment world hear","259.67","false"
"1262","Network today story yard good","124.52","false"
"1263","Animal save world condition industry","261.72","false"
"1264","Reality as dinner","342.26","false"
"1265","Market difference run","106.83","true"
"1266","Always any night","349.93","false"
"1267","Decide both good cut college","391.52","false"
"1268","Such finally fact situation that","333.92","true"
"1269","Past institution law area inside","203.21","true"
"1270","Almost realize whom picture","144.63","false"
"1271","Trade audience determine shake","290.69","false"
"1272","Scientist window program case","234.50","false"
"1273","Professional school culture","500.04","true"
"1274","Grow which","282.19","true"
"1275","Point threat address best type","443.90","true"
"1276","Art energy significant","71.17","true"
"1277","Treatment ground outside language good","190.17","false"
"1278","Head similar political","241.27","true"
"1279","Identify recently my owner statement","52.36","false"
"1280","Give ball behind coach nearly","446.63","false"
"1281","Prevent tonight score","62.72","false"
"1282","Southern where","57.57","false"
"1283","Shake collection begin out admit","170.90","false"
"1284","Office culture last","100.63","true"
"1285","Evidence sell","406.61","false"
"1286","Behavior particular loss","70.42","true"
"1287","Catch degree body her","457.18","false"
"1288","Try action deal","72.31","false"
"1289","Style policy fact","256.97","false"
"1290","Thought thus door","192.10","true"
"1291","Teach garden","413.01","true"
"1292","Wind suffer eye","413.25","false"
"1293","Before political","83.14","false"
"1294","Not fill good","346.04","false"
"1295","Series lead clear","321.33","true"
"1296","Off camera subject space analysis","158.74","true"
"1297","Fire month will eye","17.99","true"
"1298","Tv try factor manager against","256.37","true"
"1299","Majority color weight","126.01","false"
"1300","Us gas","227.19","true"
"1301","Strong star","466.80","false"
"1302","Top improve improve","328.21","false"
"1303","To plant candidate","73.76","false"
"1304","National cost edge","96.00","true"
"1305","Blood movie daughter day","280.02","false"
"1306","Foot green somebody","166.73","true"
"1307","Every fine let","5.72","false"
"1308","Go street during share","428.88","true"
"1309","Fall seem lose","5.39","true"
"1310","Door anything","315.48","true"
"1311","Industry heavy street large","72.71","true"
"1312","Must picture","251.94","true"
"1313","Better quite which deal","451.22","true"
"1314","Like public idea space foot","292.26","true"
"1315","Think kind should data","469.01","true"
"1316","Upon someone pick agree we","10.89","true"
"1317","Remember fact","186.29","true"
"1318","From left nothing within","121.65","false"
"1319","Even century between administration","24.42","true"
"1320","Window contain office","48.70","true"
"1321","Exist not relationship step","16.44","false"
"1322","Fire yourself school true","72.54","true"
"1323","Become once case","259.87","false"
"1324","Consumer owner","77.39","false"
"1325","Continue training site","455.95","false"
"1326","Anything my myself all Republican","4.85","true"
"1327","Apply adult democratic","427.06","false"
"1328","Sort read","383.31","false"
"1329","Four develop according","290.74","false"
"1330","Task forward increase economy","16.13","true"
"1331","Lot key play best","67.32","false"
"1332","Both market","282.75","false"
"1333","Surface brother they","87.85","true"
"1334","Receive about body before politics","292.71","false"
"1335","Light if act care task","400.26","false"
"1336","Pay size economic on","269.03","false"
"1337","There certain full east","106.46","false"
"1338","View conference bag","27.42","true"
"1339","Behavior yet never recognize","51.45","false"
"1340","Project enough realize camera","209.41","true"
"1341","Not war current the","180.20","true"
"1342","Artist individual realize minute","341.01","false"
"1343","They serve senior","111.84","false"
"1344","Act live voice","16.03","false"
"1345","Anyone sure type stop sister","237.36","true"
"1346","Positive building sea","353.43","true"
"1347","Ever first time wife","391.31","true"
"1348","Resource bed agree","155.24","true"
"1349","Fall yes nice share","160.07","true"
"1350","Man parent","169.52","true"
"1351","Success sea","120.62","false"
"1352","Mind or picture draw","28.85","false"
"1353","Ready teach approach successful sing","394.96","false"
"1354","Science property","276.89","false"
"1355","Military senior reflect author","43.77","false"
"1356","Your evening","12.01","true"
"1357","Ten agent","331.80","false"
"1358","Particular still why performance","485.99","false"
"1359","Weight moment many","209.64","true"
"1360","Until ground window","304.22","false"
"1361","Visit brother ago","77.46","false"
"1362","Responsibility least magazine plan","361.15","false"
"1363","Site once","189.39","false"
"1364","Argue yeah feeling change","455.98","false"
"1365","Daughter talk system wind","293.73","true"
"1366","Turn natural","256.71","false"
"1367","Century prepare treat laugh indeed","283.71","true"
"1368","Human stay sit","362.00","true"
"1369","They write media difficult","124.92","false"
"1370","Building nature other method","274.33","false"
"1371","Foot issue prevent teacher","64.88","false"
"1372","Former trial safe usually","74.37","false"
"1373","Commercial say customer information","168.92","true"
"1374","Also network security red himself","223.98","true"
"1375","Stuff behavior agreement close","189.97","false"
"1376","Purpose institution action social","45.40","false"
"1377","Image to maintain","382.15","true"
"1378","Build with both","53.85","true"
"1379","Break beautiful cause","44.24","false"
"1380","Son prove many company only","136.23","true"
"1381","Record recent","288.85","true"
"1382","Great little hair money","36.27","false"
"1383","Boy report meeting","350.01","true"
"1384","Begin how cell","348.37","true"
"1385","Budget stage","105.33","false"
"1386","Reason six themselves move difference","418.76","true"
"1387","Performance out grow","379.82","false"
"1388","Guy school yeah","362.43","false"
"1389","Sometimes address character help reason","185.60","false"
"1390","National black","435.80","false"
"1391","Movie part see","387.45","false"
"1392","Career early again mother","396.81","true"
"1393","Item military even answer up","447.69","false"
"1394","Anyone north husband movie","218.15","true"
"1395","Than baby","103.94","true"
"1396","Mean form water safe certainly","395.37","false"
"1397","Deep street give already","259.69","false"
"1398","Number under avoid business","134.59","true"
"1399","Since never star number nearly","21.15","false"
"1400","Might company around","120.29","false"
"1401","Meeting government forward last","46.15","false"
"1402","There far because","231.16","false"
"1403","Within reach couple school among","19.39","false"
"1404","Yet lawyer performance still","376.48","true"
"1405","Strong over authority one","118.81","false"
"1406","Deal chance ever","54.18","false"
"1407","Inside which should two help","95.51","false"
"1408","Run amount guess safe age","241.41","true"
"1409","Deep protect attack article age","305.45","false"
"1410","Assume become reduce right","120.12","true"
"1411","Story some couple left","97.01","true"
"1412","Actually whom clearly","286.45","false"
"1413","Gun wear","341.01","false"
"1414","Sport food from task","217.47","false"
"1415","Reason buy public nice","62.78","false"
"1416","Down figure","129.35","true"
"1417","Official evidence act so","413.39","true"
"1418","Product write","98.33","true"
"1419","Only fall sing data","435.72","true"
"1420","Stage time late guess stand","212.13","false"
"1421","Provide article drop join","487.69","false"
"1422","Travel reality teacher administration","375.72","true"
"1423","Have drug child","239.60","true"
"1424","Why every apply agent fear","70.10","false"
"1425","Style foreign dark enter politics","143.55","true"
"1426","Compare only coach","418.86","false"
"1427","She TV consider future","97.16","false"
"1428","Song this eat expert","338.07","false"
"1429","Why discuss agreement reflect","243.92","false"
"1430","Later general fact which who","149.13","true"
"1431","Parent one man main east","325.76","true"
"1432","Company again serious then career","339.89","true"
"1433","His happy sing paper","253.08","false"
"1434","Decision break","383.58","true"
"1435","Management author into","487.96","true"
"1436","Image yourself hear","310.87","false"
"1437","Thought smile","370.31","false"
"1438","Sure city far","225.65","true"
"1439","Usually important","302.07","true"
"1440","Detail road meet wall","36.73","true"
"1441","For when generation","68.02","false"
"1442","Friend follow career bad fine","158.05","true"
"1443","President all north big sign","143.51","false"
"1444","Whatever record billion today receive","150.34","true"
"1445","Respond make rather from","89.28","false"
"1446","Happy small ago","58.08","false"
"1447","Speech discussion manage identify man","0.93","false"
"1448","Test street official","414.96","false"
"1449","Worry remember teacher","400.99","true"
"1450","Lot coach attention himself","243.19","false"
"1451","Certainly move answer conference","141.88","true"
"1452","Actually senior oil bar","292.26","true"
"1453","Movie happy world reveal course","422.60","false"
"1454","Health training trip thing prove","240.08","false"
"1455","Son thus paper level","486.79","true"
"1456","Rather almost establish such","475.37","true"
"1457","Organization few","476.79","false"
"1458","Woman chair wife","288.74","false"
"1459","At continue","227.33","true"
"1460","Window activity article act have","128.16","false"
"1461","Even enter","407.85","false"
"1462","Century director yet president","264.38","true"
"1463","Especially energy rule","168.28","false"
"1464","Personal buy","170.73","true"
"1465","Very future animal","465.35","true"
"1466","According piece","103.13","true"
"1467","Party three","290.60","true"
"1468","Black throughout soldier bar do","226.87","true"
"1469","Medical level successful young matter","453.74","false"
"1470","Little direction party defense very","152.34","true"
"1471","Size friend man minute","83.81","true"
"1472","Animal quite conference what media","112.90","true"
"1473","Off still second","314.18","true"
"1474","Candidate six hope","219.67","false"
"1475","Art machine career","349.12","false"
"1476","Yet own","292.80","false"
"1477","Mind table discuss","49.04","true"
"1478","In general successful","11.15","true"
"1479","General today own","189.32","true"
"1480","Song federal","290.82","true"
"1481","Phone card film appear","61.82","true"
"1482","Care trouble kind fund glass","163.07","false"
"1483","Ever hold","223.12","false"
"1484","Foreign hit skill quite","110.88","true"
"1485","Lay level smile suffer","406.81","false"
"1486","Standard sure campaign military stay","280.88","false"
"1487","Open describe practice series","156.40","false"
"1488","Majority executive common","51.33","true"
"1489","Card now","287.18","true"
"1490","Sense consider","429.04","true"
"1491","Kid amount","384.35","false"
"1492","Answer notice high there","40.72","false"
"1493","Life system","85.30","false"
"1494","Speech public less","427.51","true"
"1495","Nothing some current group","190.05","false"
"1496","Million article arrive","410.33","true"
"1497","Money individual house","55.70","true"
"1498","Top second","475.81","false"
"1499","Significant seat","410.20","true"
"1500","Base remember","119.50","false"
"1501","Fall subject together","257.04","false"
"1502","Health begin cover","494.64","true"
"1503","Building push behind politics","344.85","false"
"1504","Buy wind father","256.79","true"
"1505","Mouth religious work century","176.75","false"
"1506","Health report wife so","96.05","false"
"1507","Commercial center technology","114.26","true"
"1508","Reduce little","268.82","true"
"1509","Present nor into road pretty","99.74","false"
"1510","Small account number lawyer story","451.84","false"
"1511","Country worry","447.07","false"
"1512","Beyond play","428.32","true"
"1513","Question half","19.78","false"
"1514","Into rich effort","281.89","true"
"1515","Claim agent discover sing ten","101.56","true"
"1516","House speak often site","36.65","false"
"1517","Agency life without","228.01","true"
"1518","Attorney television bad","29.13","true"
"1519","Amount policy kitchen","130.95","true"
"1520","White career he","498.49","true"
"1521","Guy newspaper","399.67","false"
"1522","Quite really bit","457.80","true"
"1523","Feel mission involve","291.62","true"
"1524","Himself other sit","348.68","true"
"1525","Learn individual mean","149.34","false"
"1526","Statement figure record","173.63","false"
"1527","Skill whole raise","89.53","false"
"1528","Before test","9.28","false"
"1529","Within authority conference politics","434.64","true"
"1530","Suddenly industry provide","223.90","true"
"1531","Skill source","162.75","false"
"1532","State live","200.79","false"
"1533","Early product record page citizen","308.78","false"
"1534","Congress that for much his","301.58","false"
"1535","Without attorney","229.83","false"
"1536","Safe term three","469.78","false"
"1537","Population minute day available","486.79","true"
"1538","Require trip difference treat","438.46","false"
"1539","Oil identify customer","499.19","true"
"1540","Save decade them","119.31","true"
"1541","Sport ball continue behavior phone","321.35","true"
"1542","Season set consumer","443.77","true"
"1543","Green send image","351.62","false"
"1544","Throw stand like","224.63","true"
"1545","Next not politics","82.79","true"
"1546","Everything join oil","241.55","true"
"1547","Exactly concern article admit","260.42","true"
"1548","Oil political think","441.95","false"
"1549","Never increase perform hundred","394.22","true"
"1550","Until rock moment","159.31","true"
"1551","Manager rest yes adult","272.13","true"
"1552","Federal dinner look not","158.65","true"
"1553","Action budget","372.85","false"
"1554","Today enjoy","215.53","true"
"1555","Their month","101.84","true"
"1556","Way born happen","270.06","false"
"1557","Experience high let","162.93","true"
"1558","Require there","469.67","true"
"1559","Response eye happy other own","233.23","true"
"1560","Page modern Mrs","246.38","true"
"1561","Night involve","323.52","true"
"1562","Play as new near","270.99","false"
"1563","Identify deep again","239.81","false"
"1564","Window early side common","81.21","true"
"1565","Town than director top","230.74","true"
"1566","Gas answer music return interest","498.25","false"
"1567","Treatment couple happen particular factor","201.70","true"
"1568","First usually worry company","48.51","false"
"1569","Speak relate increase","367.96","true"
"1570","Magazine fill tell power letter","210.84","false"
"1571","Billion agreement more language","418.05","true"
"1572","Career still","344.75","true"
"1573","Entire example exactly man","436.56","false"
"1574","Notice government citizen away","259.60","false"
"1575","Assume attention physical until","384.35","true"
"1576","Cultural response quality improve power","436.77","false"
"1577","Address foot recently art run","47.88","false"
"1578","Social guess open take over","42.36","false"
"1579","Money time","85.82","true"
"1580","Feel benefit for","454.44","true"
"1581","Now usually","337.94","false"
"1582","Box tonight","271.66","true"
"1583","Month most","353.98","true"
"1584","Discover same return message","23.02","true"
"1585","People suddenly kind chance","450.80","false"
"1586","Fight test administration","117.75","true"
"1587","Article blue everything level","11.71","false"
"1588","Free foreign beat this true","352.35","false"
"1589","Inside firm sea","431.48","true"
"1590","He culture management student decade","86.42","false"
"1591","Financial white dream project floor","6.30","true"
"1592","Message action force official onto","473.18","true"
"1593","Score by free available","415.29","true"
"1594","Science as","427.62","true"
"1595","Picture call organization","448.03","false"
"1596","Fear speech cut but fish","359.78","true"
"1597","Attack simple ready message","390.70","true"
"1598","Change far my","323.77","true"
"1599","Floor want","486.35","false"
"1600","Learn hit bar near","416.14","true"
"1601","Most over","57.11","false"
"1602","Billion goal participant prevent","106.89","true"
"1603","Laugh decision management space","237.47","true"
"1604","Woman affect exactly memory","316.48","false"
"1605","Who wait fast develop","187.45","false"
"1606","Easy commercial fall lead","77.88","true"
"1607","Sure since skin","83.43","true"
"1608","Until score effort family","15.01","true"
"1609","Front play understand another","37.11","false"
"1610","Anyone fish task vote","27.94","false"
"1611","Recognize try choose","264.70","true"
"1612","Record assume kitchen","36.90","false"
"1613","Future each two","404.51","false"
"1614","Suddenly special lead","190.80","false"
"1615","Other door person join lead","205.32","true"
"1616","Account finish when positive","78.83","false"
"1617","Country kitchen tell while","244.06","false"
"1618","President decade along structure feeling","65.91","true"
"1619","Lot goal within measure car","426.00","true"
"1620","Social time red","300.84","false"
"1621","Ask politics assume check prepare","348.04","false"
"1622","Investment these meeting through sister","11.19","false"
"1623","Will ever successful","341.42","false"
"1624","Miss once form","255.22","true"
"1625","Among send respond may note","234.56","true"
"1626","Month technology","467.39","true"
"1627","Indicate itself","442.15","false"
"1628","Sit rock cut","150.20","true"
"1629","Response can later represent player","363.77","true"
"1630","Modern road sit able","138.40","true"
"1631","Few three training her","229.11","true"
"1632","End reflect rock account throughout","123.91","false"
"1633","Property film many","378.28","true"
"1634","And decision","100.96","false"
"1635","Any real fight capital","359.87","true"
"1636","Foreign rock","176.86","true"
"1637","National present","350.31","false"
"1638","Already act your","44.54","true"
"1639","Within upon position dinner","167.05","false"
"1640","Must degree","251.42","true"
"1641","Deep must hair","448.86","false"
"1642","Have result","283.97","false"
"1643","Sense relationship","184.58","true"
"1644","International run","7.88","false"
"1645","Local work professional economy","292.72","true"
"1646","Head attention create","260.39","true"
"1647","Sound sure","167.20","true"
"1648","Other physical character learn","425.76","false"
"1649","Republican industry toward seek","202.25","true"
"1650","Some perhaps","416.87","true"
"1651","Star war dog focus","370.21","true"
"1652","From adult nearly improve","284.03","true"
"1653","Model stop too Democrat artist","414.48","false"
"1654","What usually want","254.73","true"
"1655","But money why","235.98","false"
"1656","Price reveal","178.48","false"
"1657","Letter total early threat","272.94","false"
"1658","Commercial building plant apply","494.64","true"
"1659","Mother break system reality compare","34.85","false"
"1660","Woman board so","464.87","true"
"1661","Loss participant four","304.89","false"
"1662","Or gas recognize","386.06","false"
"1663","Little expect responsibility when difference","434.90","true"
"1664","Someone trial","175.06","false"
"1665","Second huge north recent fight","383.60","true"
"1666","Foot list visit now","56.99","true"
"1667","Discover entire pattern every","197.21","true"
"1668","State list author crime","497.36","false"
"1669","Old stand laugh war","172.98","false"
"1670","Son hard yourself not","331.68","false"
"1671","News rock everyone become","309.45","true"
"1672","Trip system hospital","95.05","false"
"1673","Drop story herself","96.66","true"
"1674","Few PM leader political system","182.24","true"
"1675","Heavy science ahead study","465.89","true"
"1676","Laugh morning how","41.23","true"
"1677","Entire fish capital","348.75","true"
"1678","Process act","403.29","false"
"1679","Environmental weight increase","86.98","false"
"1680","Still education who","301.64","false"
"1681","Town ahead","300.86","false"
"1682","Business language out myself","191.84","true"
"1683","Trip material add","413.24","true"
"1684","Information get shoulder","50.24","true"
"1685","Never high wear window","397.00","false"
"1686","As understand office thing","450.73","true"
"1687","Each ever main drop","407.23","true"
"1688","Like hold reduce boy","212.37","false"
"1689","Country dinner","409.73","false"
"1690","Establish but stop factor","493.34","true"
"1691","Drug pattern heart simply scientist","496.26","false"
"1692","Reason against author","401.46","true"
"1693","Heavy simple assume strategy","173.86","true"
"1694","Idea to","143.80","true"
"1695","Line front","462.47","true"
"1696","Indicate between","320.66","true"
"1697","Thousand suffer know court recent","244.74","false"
"1698","Yourself mouth prove","167.69","false"
"1699","Short view prepare guess","328.67","false"
"1700","Building without road participant","481.64","true"
"1701","World huge end","237.79","false"
"1702","Science defense","250.13","false"
"1703","Face whose surface","30.05","false"
"1704","Miss drug","349.43","false"
"1705","Now approach treatment","179.00","false"
"1706","Tv all weight each agreement","105.14","true"
"1707","Five or","481.11","false"
"1708","Against resource imagine","161.98","false"
"1709","Per heavy something","294.78","false"
"1710","Task look subject nor","412.28","true"
"1711","Begin spring food","278.18","true"
"1712","Civil thousand moment government","352.88","true"
"1713","Skin occur forward carry","129.26","false"
"1714","Court wall instead rich","4.23","false"
"1715","Article decade almost","227.22","true"
"1716","Moment hear nation car treatment","464.34","true"
"1717","Seem fly somebody pretty","383.03","false"
"1718","Group example","82.02","true"
"1719","Enter woman indicate","237.11","false"
"1720","Upon community late should first","423.92","true"
"1721","His while","362.47","false"
"1722","Result month","413.71","false"
"1723","No much find site","176.27","false"
"1724","Majority level","179.64","true"
"1725","Foot marriage often","255.42","true"
"1726","Answer let","198.82","false"
"1727","Big contain","129.12","true"
"1728","Opportunity her","407.70","true"
"1729","Animal must traditional","33.01","true"
"1730","Test peace","316.99","false"
"1731","Decade spring national anyone","90.35","true"
"1732","Seat life","370.73","false"
"1733","Take sound time result","291.97","false"
"1734","Gun rule we law","434.62","true"
"1735","Tough score","350.23","true"
"1736","Back none","109.83","true"
"1737","Adult bill recognize situation","168.51","true"
"1738","Goal just gun agency type","17.05","true"
"1739","Dream billion sometimes section name","243.49","false"
"1740","Deal size sister","259.15","true"
"1741","News instead","143.44","true"
"1742","Meeting do most son there","419.56","false"
"1743","Determine activity remain","4.85","false"
"1744","Produce them less strong","290.86","true"
"1745","Place large","390.46","false"
"1746","See give three","354.78","false"
"1747","Pass young","82.52","false"
"1748","Laugh weight purpose","486.12","true"
"1749","Spring their buy politics","252.61","true"
"1750","Region into","76.23","true"
"1751","Land option within by","301.50","false"
"1752","Thus can particularly morning","95.91","true"
"1753","Worry myself","25.49","false"
"1754","Determine turn exactly","45.71","false"
"1755","Long base start bad","180.71","false"
"1756","Its outside","385.24","true"
"1757","Window recent","124.06","false"
"1758","Pass offer cut ago card","61.47","true"
"1759","That morning reflect at","485.03","true"
"1760","Identify side","270.01","false"
"1761","Expert early million decade trade","114.28","false"
"1762","Family organization nature","3.82","true"
"1763","Result deal people could","452.35","true"
"1764","Everything dinner forget","338.78","false"
"1765","Poor avoid start difficult record","391.19","true"
"1766","No walk Congress include","250.91","false"
"1767","Common same Congress south represent","270.99","false"
"1768","Standard present prevent person","423.24","false"
"1769","Already give thousand hit","374.24","true"
"1770","Science your","486.20","true"
"1771","Reflect majority make safe","353.10","false"
"1772","Field building walk","372.09","true"
"1773","Prepare low situation","402.17","false"
"1774","Former say","248.30","false"
"1775","Member action agent","281.31","true"
"1776","Though simply season","97.77","true"
"1777","Wonder himself say language","399.01","true"
"1778","Support success prevent war","307.72","true"
"1779","Appear finally career option industry","301.83","false"
"1780","Here church thing difference time","78.06","false"
"1781","Begin heart hot least","450.09","false"
"1782","Again body","221.50","false"
"1783","Stop religious","85.55","true"
"1784","Performance ten","23.50","false"
"1785","Answer economy threat do someone","263.05","true"
"1786","Approach age","221.49","false"
"1787","Hotel something for ever","80.37","false"
"1788","Defense natural dark why born","118.96","true"
"1789","Almost still finish hospital figure","229.36","true"
"1790","Wonder court","414.68","true"
"1791","International main minute here here","10.90","true"
"1792","Trouble instead degree","500.19","true"
"1793","Family mean sort dark","206.39","false"
"1794","Mean certain","294.58","true"
"1795","Wide huge mind","308.73","false"
"1796","Phone fly themselves","479.97","true"
"1797","Recently whose area","215.53","false"
"1798","Significant loss development shoulder","166.56","true"
"1799","His standard form other","109.73","true"
"1800","Still history usually set","403.41","true"
"1801","Television them act hotel","46.09","false"
"1802","Professional several","272.16","true"
"1803","Remain wonder law machine","138.79","false"
"1804","Physical become","445.92","true"
"1805","Himself consumer traditional civil","136.64","false"
"1806","Relationship since","445.17","true"
"1807","Art good expect","364.20","true"
"1808","Number Democrat every like","461.48","true"
"1809","Cause rather black","147.60","false"
"1810","Hope themselves different","319.25","true"
"1811","Benefit happen difficult","473.87","true"
"1812","Center baby power team","20.52","false"
"1813","Allow contain","406.13","false"
"1814","Read see food","255.36","false"
"1815","Cover factor really agency arrive","402.91","true"
"1816","Provide above","440.44","true"
"1817","Best over","412.57","true"
"1818","Common its reach","285.96","true"
"1819","Share event speak","420.79","false"
"1820","Stay account whatever skill method","424.99","false"
"1821","Protect treat machine once","451.07","true"
"1822","Instead consumer","204.79","false"
"1823","Most somebody hold","392.81","true"
"1824","Seat last shoulder where exactly","162.82","true"
"1825","Size television time environment","462.44","false"
"1826","Ground staff","159.65","false"
"1827","Look challenge effect","306.15","true"
"1828","Allow it every game","494.11","true"
"1829","Various manage feel law","277.25","true"
"1830","Would around station","389.07","true"
"1831","Result letter possible your western","483.89","false"
"1832","Eat drive every","232.17","false"
"1833","Seat hospital central","228.11","false"
"1834","Meet ball system","291.45","false"
"1835","Money guess move process","470.65","true"
"1836","Newspaper personal really mean","131.93","true"
"1837","Whether rest enough","234.61","false"
"1838","Bar town decide series relate","385.70","true"
"1839","Next program","143.74","false"
"1840","Official anything","76.60","true"
"1841","Four well once future","324.34","false"
"1842","Feel hundred","223.90","true"
"1843","Peace head anything","40.24","true"
"1844","Director toward figure","211.05","false"
"1845","Fire in","305.97","true"
"1846","Answer carry white strategy best","426.65","true"
"1847","Black cell open return","75.67","false"
"1848","Dog out four political","296.62","true"
"1849","Goal strong citizen","217.97","true"
"1850","Former authority stock","160.50","false"
"1851","Various personal these","11.10","true"
"1852","Main but administration weight past","295.47","true"
"1853","Employee campaign subject","390.94","false"
"1854","Ask control serious clear","419.82","false"
"1855","Rich lose evidence","42.98","true"
"1856","Brother black relationship","206.13","true"
"1857","Measure senior finally","440.77","false"
"1858","Four couple down poor","340.72","false"
"1859","Place summer position wear treatment","244.88","true"
"1860","Growth shoulder family identify","492.12","true"
"1861","Free science third new weight","446.62","true"
"1862","Either move","353.36","false"
"1863","To cover","127.06","false"
"1864","Election friend","286.89","true"
"1865","Today compare offer","104.10","true"
"1866","Its stop spend","69.07","false"
"1867","Difficult cost sometimes side network","64.84","true"
"1868","Left deep subject the food","345.26","true"
"1869","No thought evening","394.41","false"
"1870","Quality reflect best week","121.11","true"
"1871","Our organization subject","189.43","true"
"1872","Hundred common","114.58","true"
"1873","Across my on all often","98.64","false"
"1874","Father mention dark","342.89","true"
"1875","Another war short much","91.53","true"
"1876","Executive you ball explain","425.74","true"
"1877","Wrong forget put according why","237.06","false"
"1878","Expert rather","135.16","false"
"1879","Southern involve at","131.70","false"
"1880","Sister of music","276.20","false"
"1881","Not public within","322.01","true"
"1882","Wish give form","317.85","true"
"1883","Development room find yard","309.04","false"
"1884","Country human","498.11","true"
"1885","Smile either adult investment area","308.60","false"
"1886","Wonder camera involve before","345.70","false"
"1887","Peace degree author","456.99","true"
"1888","Hit six know research","422.25","false"
"1889","Race computer future claim and","44.20","true"
"1890","Cup service special small","483.51","false"
"1891","My hundred sea","20.52","false"
"1892","Serious modern seem force condition","255.46","false"
"1893","Structure control","334.20","false"
"1894","Might color record","286.87","false"
"1895","Us student","158.28","true"
"1896","Scene education campaign case","89.91","true"
"1897","Life explain find pick","372.78","false"
"1898","Also near carry","192.30","true"
"1899","Baby short gas live mother","373.49","false"
"1900","Bad learn establish","260.02","true"
"1901","Couple free station","240.26","true"
"1902","Sport culture west","445.32","true"
"1903","Avoid computer","103.49","true"
"1904","Throw body because feeling reason","474.12","true"
"1905","Name service here movie","8.08","true"
"1906","Anyone key majority share","76.15","false"
"1907","Quite plant respond","57.28","true"
"1908","Particular red admit","324.62","false"
"1909","Too accept instead","304.80","false"
"1910","General light just","403.31","false"
"1911","Consumer instead","464.02","false"
"1912","Power focus drug","237.64","false"
"1913","Newspaper finish president page","282.24","false"
"1914","Finish people them","434.25","true"
"1915","Cut off government its","328.62","true"
"1916","Work author","286.91","false"
"1917","Name industry base","410.63","false"
"1918","Call important before also","430.18","false"
"1919","Dream source million course","203.28","false"
"1920","Structure sense city herself","465.85","true"
"1921","This especially sell","457.99","true"
"1922","Wear no event","245.58","false"
"1923","Painting hospital team community to","382.29","false"
"1924","Too answer sea","356.43","false"
"1925","Page college cut","451.34","false"
"1926","Save rather rich evidence","276.47","true"
"1927","Audience group true should price","274.58","true"
"1928","Section on","355.43","true"
"1929","Carry pretty leader add rather","378.27","false"
"1930","Maybe describe bit","368.58","true"
"1931","Reduce than","311.37","false"
"1932","Sign party available nor section","57.24","true"
"1933","Particular more","178.53","true"
"1934","Land this","231.78","false"
"1935","For base if specific","241.73","false"
"1936","Since there yet manage role","401.24","false"
"1937","Store table ball there","352.40","true"
"1938","Last woman morning","299.34","true"
"1939","Beat view kind prepare culture","460.85","true"
"1940","Natural wear share style","99.61","true"
"1941","Mouth test through role","148.22","true"
"1942","Employee contain bad","134.08","false"
"1943","Health dream discuss base we","21.99","false"
"1944","Garden often board reflect","377.85","true"
"1945","Clearly production rich let","466.98","false"
"1946","Sense type involve scene","186.54","true"
"1947","Sometimes all couple","6.16","true"
"1948","Body wall when","282.61","true"
"1949","Pattern phone time","112.91","true"
"1950","Size success return","18.80","true"
"1951","Continue effort out nature","55.95","false"
"1952","Gun visit","343.14","false"
"1953","Less eye stand purpose","431.78","true"
"1954","Medical detail behind major","399.77","false"
"1955","Really huge minute direction","234.48","false"
"1956","Head change herself then approach","91.75","false"
"1957","Instead high along","87.97","false"
"1958","Point get effect consider blue","301.22","true"
"1959","Hard glass know","76.77","false"
"1960","Role section take choose","215.45","false"
"1961","Tv Congress suffer few","96.90","true"
"1962","South which administration","393.02","false"
"1963","Whatever involve building seek space","457.97","true"
"1964","Include hear","445.58","true"
"1965","Expect couple write","462.56","true"
"1966","Task join","228.38","true"
"1967","Expect attack south check yard","50.92","false"
"1968","Sort end","379.03","false"
"1969","See church exactly service plant","93.01","true"
"1970","Goal affect himself","314.33","false"
"1971","Safe reveal after","334.21","false"
"1972","Push painting whole","372.81","false"
"1973","Live sound beat","59.97","false"
"1974","Sense well practice letter","471.50","false"
"1975","Lot message suggest","265.21","true"
"1976","Wife enough physical vote","263.69","true"
"1977","Class sort seat","119.12","true"
"1978","Happen minute beyond your war","406.82","true"
"1979","Shake suddenly should","371.99","false"
"1980","Particularly safe guess hard","42.66","false"
"1981","Boy prove","200.93","false"
"1982","Always huge total everything discover","200.29","true"
"1983","Goal see trouble state when","269.47","true"
"1984","Add social rate base will","33.53","true"
"1985","Book machine indeed only","424.91","false"
"1986","Lawyer notice type Mrs culture","270.31","true"
"1987","Tree trip","51.64","true"
"1988","Rate young since public","441.85","true"
"1989","Event thought she language","368.68","true"
"1990","Field make century game another","451.49","true"
"1991","Visit reduce interview","458.21","true"
"1992","Student money cover scene leave","485.03","true"
"1993","Before machine","6.73","true"
"1994","Business among cultural center","492.20","true"
"1995","Break view far","414.95","false"
"1996","Type cell offer","135.81","false"
"1997","Family admit Republican federal compare","274.45","false"
"1998","Play forget human teach letter","276.14","true"
"1999","Page pattern range","409.72","false"
