"197","1118","4","Shake play share short arm rule minute why body involve learn.","2010-10-09 05:48:59"
"117","1656","1","Behavior old similar into life recognize.","2004-01-28 02:53:12"
"117","1789","5","Spend if maybe democratic structure play defense easy positive.","2007-06-23 23:42:51"
"76","721","3","Artist new generation phone team market catch.","2005-10-16 13:52:04"
"155","1947","5","Available science true phone worry blood voice.","2015-08-30 15:52:11"
"94","113","5","Thus represent impact down right card example entire.","2000-07-03 12:15:34"
"126","608","4","Argue wear cost something item meet sure record.","2005-11-08 17:22:38"
"58","107","4","Open oil cost standard study growth purpose.","2010-08-14 23:04:05"
"184","1625","1","Until cost enter human practice various great scene itself learn which decade west.","2002-12-30 22:40:03"
"15","1765","4","Common daughter minute factor compare child top country health growth ahead.","2001-09-12 19:49:10"
"182","989","5","Also some story they laugh clear air bank.","2002-11-13 16:15:00"
"3","967","1","Technology girl wear century tree power usually claim story either worry threat.","2021-04-11 08:51:29"
"9","217","5","Simple in parent somebody list push program stage position here.","2002-06-15 01:46:37"
"54","1933","3","Realize over class relate ever often visit condition.","2018-10-31 01:25:03"
"199","1813","2","Western girl do right question interest debate even store plan where.","2017-06-25 07:12:01"
"9","1607","4","Term happy that page hotel against mission store more matter yet benefit.","2011-09-22 16:11:01"
"179","1448","4","Report remain three much tend lead authority short drop marriage actually if condition.","2006-04-15 01:50:05"
"194","1446","1","Charge capital young already your next society peace manage design white.","2015-01-03 23:16:54"
"120","560","4","Score shake remember certainly physical apply happy animal really political single.","2002-01-18 11:39:45"
"159","204","4","Note news rise structure management man could.","2004-07-16 19:34:00"
"154","974","3","Son table manage man condition item fact point do writer relate recognize your.","2000-11-17 09:55:06"
"166","460","3","Worry exist despite consider realize cultural region amount out necessary sea skin indeed moment.","2017-02-15 07:52:36"
"167","127","4","Begin next professor shoulder style everybody plant still run sing.","2022-03-11 00:47:29"
"102","684","5","Loss throughout democratic customer reason direction item us.","2010-07-02 10:59:09"
"128","553","5","Five onto fill thus idea sign.","2007-01-05 14:09:50"
"12","999","4","Peace air matter can decade material claim perhaps.","2018-10-03 03:41:53"
"118","44","3","Government at choose south evidence question respond officer doctor information else industry story.","2014-04-19 16:52:59"
"26","648","3","Agent single station late institution director important true it join rock talk we.","2006-11-19 01:26:30"
"184","437","4","Rock generation scientist practice specific pressure standard child man good boy.","2022-07-26 16:59:14"
"26","1121","1","Develop magazine us southern take like.","2017-12-01 19:03:42"
"125","741","2","Edge avoid unit her nature above especially.","2001-09-21 14:11:42"
"140","928","4","Nearly direction author among challenge scientist third picture participant.","2016-08-31 02:59:34"
"133","248","1","Voice wonder magazine traditional tax know knowledge truth stuff offer free successful someone.","2008-07-03 16:28:23"
"29","999","4","Edge should dream though pattern gas agent green central law field purpose.","2001-01-20 18:30:33"
"65","873","4","Its method training bill especially ground water so.","2007-02-02 14:50:26"
"22","310","3","White upon loss pattern address somebody skin stage course return name list onto.","2000-12-06 08:01:53"
"144","1252","5","North one long audience evidence step firm million source worry new.","2005-11-07 19:22:41"
"140","1280","1","Defense away have yeah either interesting idea black ability sing your stand.","2020-05-14 03:10:58"
"199","7","2","Glass ok leg huge total standard camera audience expect church or.","2010-12-17 06:53:42"
"174","1118","3","Cell history reality hour station indicate no local rock marriage.","2008-08-08 08:09:55"
"176","1886","1","Computer most benefit describe police push east guess score include goal.","2008-02-04 10:34:03"
"61","833","1","Few no get yet street study born.","2008-01-25 05:19:31"
"45","1035","5","Bit hard notice compare point child they think.","2022-02-01 22:49:42"
"103","407","2","Might story few base never energy fire.","2002-12-08 19:08:34"
"176","1032","4","Civil seek among board age various miss style remain whole wonder decision environmental.","2021-05-14 09:58:04"
"195","758","5","These continue thing safe debate enter.","2019-08-04 11:09:34"
"3","5","4","Tv next technology none expert central group mind daughter.","2016-03-08 21:35:34"
"50","382","3","Involve information individual leader listen professional issue business onto.","2021-02-24 06:02:14"
"60","1264","5","Of chair mind paper so newspaper large of imagine change very home.","2010-04-28 06:43:55"
"47","1355","1","Court crime man scientist six soon on effort.","2019-04-17 15:28:10"
"126","1500","2","Visit tax claim accept and national.","2014-07-22 02:41:22"
"184","653","5","Professor discussion chance hospital grow eat exactly he know set form.","2009-10-06 01:05:57"
"106","152","5","Seek truth hot safe TV church participant Republican effort become year region their.","2005-12-07 03:57:12"
"165","1123","2","Close center floor ahead other focus room religious back.","2021-01-25 00:25:29"
"54","338","4","True be investment best section job final call.","2018-08-13 23:40:11"
"165","1582","5","Prove great run attorney off white outside human meet.","2005-03-30 04:10:59"
"43","845","5","Allow happy get account serve town sing college.","2021-10-07 04:05:39"
"133","1676","5","Kid apply pass onto plan budget study commercial author per population.","2022-03-17 00:15:59"
"52","464","1","Their some focus almost account smile issue assume keep.","2016-09-22 22:54:35"
"44","434","4","Term Mrs mouth family site world despite newspaper commercial big help board.","2016-11-09 22:01:15"
"5","1003","5","Number interesting suddenly audience your two.","2008-01-17 09:59:10"
"175","1439","3","Make real and reach perform strong action seem course.","2019-08-22 01:14:36"
"96","395","1","Include American coach interesting message both factor hot music minute picture.","2017-08-25 18:52:48"
"179","883","2","Should help and single others keep performance Republican now media collection.","2012-10-03 09:44:42"
"183","740","3","Rock suggest past impact class senior movie practice process type she.","2012-10-24 03:48:45"
"41","697","1","Common nature employee strategy add identify around individual attorney usually land prepare.","2002-10-13 04:18:18"
"72","515","3","Appear mouth help her fight voice tend prevent occur clearly sense paper performance.","2022-02-21 10:06:37"
"62","395","5","Chair prove data recently great chair certainly.","2007-01-20 23:37:37"
"191","650","2","Rock year five certain office board.","2006-03-23 22:07:28"
"62","117","5","Apply behind speak ahead billion effort traditional.","2017-11-25 23:16:30"
"54","686","3","Door account whatever common movement establish.","2009-04-01 03:43:20"
"181","1679","5","Either enough professor lose everyone thus stock tell call though fine to discover.","2019-04-01 21:24:14"
"109","1759","1","Look question there understand charge last book message road fast.","2019-04-16 07:41:13"
"32","770","2","Myself hold spend many particular discover write whom.","2017-07-17 12:15:56"
"63","1573","2","Father determine radio clearly push necessary issue audience scientist economic mention.","2008-09-19 18:54:26"
"179","195","4","Both rich nature discussion instead series very.","2012-11-22 15:46:25"
"71","756","5","Size speech live follow opportunity type lot threat experience old not no ask.","2012-01-31 21:07:05"
"108","1690","1","Us mouth hundred anything realize still industry structure subject wall line debate.","2015-03-16 07:29:26"
"86","649","2","Choose determine majority go quality star put region.","2015-11-04 02:38:54"
"13","1657","2","Wide here person yet no American sport dark improve figure.","2010-12-11 23:18:28"
"78","1973","4","What able Democrat culture great when who enter its take want hot.","2003-05-08 11:04:59"
"45","212","1","About office buy media protect wrong yard those.","2013-05-12 02:31:26"
"102","1809","3","East return my front keep body.","2001-02-15 18:59:56"
"84","321","2","Share beyond movement structure modern himself describe realize relate data order catch exactly.","2011-09-22 22:48:09"
"77","347","1","Decision cell join east finally later sister thus follow.","2010-07-12 14:54:34"
"27","1862","2","Training bring lay far will actually act there night agency.","2008-01-15 19:02:18"
"62","199","4","Evening believe statement door policy beat data none area to national.","2008-12-10 04:11:32"
"179","831","3","Story population must born figure throw middle.","2011-08-18 03:29:42"
"36","293","2","Look oil remain range form same from see so war word reflect bit.","2003-12-30 08:21:15"
"199","1734","2","Off vote also cold those receive any give everybody street heavy.","2020-12-24 01:22:17"
"127","1162","4","Evening particularly give he to experience top rather.","2014-07-17 08:00:52"
"124","1904","1","Site daughter budget tonight question behavior certainly property.","2012-09-10 16:05:47"
"41","1817","4","Others apply near office occur reduce human.","2004-01-30 19:04:05"
"54","582","5","Water course base hour strong front program financial while nature large own.","2015-05-06 14:18:20"
"70","1312","4","Yes bring operation thing thousand you address somebody travel.","2002-08-05 07:52:02"
"127","1312","3","Pick source task son identify mean center natural figure member city such.","2005-05-18 01:16:32"
"45","776","4","Fear situation against method star national.","2017-07-22 08:45:13"
"161","1455","3","Effect message face score financial identify people seem design rise leave choice type.","2003-09-17 14:18:47"
"44","598","5","Read market never fear maybe purpose cost standard market mention technology public.","2017-11-07 12:44:42"
"176","482","5","Suggest miss reduce stage wall trouble throw gas.","2001-12-21 21:40:44"
"140","1225","4","Modern well although outside third voice report.","2007-11-18 13:49:22"
"70","1511","5","Beyond close daughter technology outside information author raise away throw.","2019-12-20 01:32:46"
"49","1164","3","Meet media animal speak next risk new near truth laugh author.","2000-01-15 15:54:11"
"2","1375","4","Before face option appear investment population everybody security sea deep.","2010-03-01 22:46:31"
"103","1080","4","Point before action car success fight religious next team rock.","2022-08-31 23:46:42"
"99","209","1","World sit avoid effort program return.","2003-04-22 12:16:11"
"15","118","5","Such education feel remain election can daughter or lose wish.","2007-04-10 06:09:10"
"187","932","3","Away nation southern expect debate pattern phone its.","2010-03-13 12:40:44"
"22","816","4","Sea box throw movement focus factor create represent song beyond information.","2021-05-28 10:20:58"
"24","1618","4","Course present experience ask management recently alone always evidence smile.","2015-05-09 21:12:12"
"97","13","3","Financial majority us piece issue key effect already number.","2021-05-13 06:19:51"
"17","1057","1","Radio baby nice energy painting protect.","2021-09-22 10:08:40"
"130","1401","3","That action couple person industry discover mother hope build.","2013-07-29 02:00:03"
"171","1256","2","About fish someone view low focus source future itself act consider fire bad.","2022-06-22 15:47:59"
"30","1077","1","Serious memory individual money democratic personal.","2008-06-10 00:32:13"
"49","1439","2","Style us teacher share partner seat clear.","2015-07-18 19:40:39"
"146","763","5","Her practice notice new drug race language force ask room tend write.","2019-09-07 19:45:08"
"199","1630","4","Memory herself political you rock personal police week relationship edge certainly.","2002-08-13 01:31:59"
"184","178","1","Guess perform worry prevent ready scene set should popular federal.","2002-02-04 17:07:23"
"76","1785","5","Be begin event something call smile.","2022-02-12 07:48:29"
"157","829","3","Their our single case table house why poor management computer hand.","2016-08-20 21:46:42"
"141","645","2","Fear talk than sea nice me sea history reflect attack.","2006-02-20 04:54:41"
"116","1027","5","Quickly law whose business later drive be commercial actually gas father nation.","2017-04-22 13:44:22"
"31","1594","4","Gun positive near general table past bed field measure.","2007-08-02 09:10:19"
"85","1682","1","Hit page sign along only within at decision especially well toward ground.","2021-09-22 09:42:10"
"66","231","4","Floor share part cover truth will stand agree treatment method question worry.","2009-05-18 01:23:42"
"46","997","4","Because majority character reduce be help.","2018-04-13 09:27:23"
"92","1037","1","Seven occur agreement story should tell top party.","2022-01-29 23:16:12"
"128","1669","3","Much too bad reduce mouth man few head bag less section.","2019-03-06 16:21:18"
"27","1479","5","Audience somebody long south new certainly though affect.","2017-04-14 04:58:46"
"75","621","4","Election control its lead cut anyone outside issue baby science.","2014-01-21 09:39:38"
"167","967","2","Involve pattern major line teacher pick manage analysis across inside meeting.","2015-02-09 15:39:10"
"126","1579","5","Glass individual policy just really thus own.","2019-09-27 13:38:48"
"199","506","3","Word age president tax away top former data note good very fine.","2009-10-02 17:49:03"
"11","255","4","Go will stand maintain spend since do run structure old.","2000-08-23 06:00:27"
"89","1707","3","Piece card glass here deal amount large sometimes for without world reason risk.","2002-11-21 05:29:14"
"28","1776","1","Either kid heart analysis police civil perform tree first far other entire.","2019-09-30 04:22:30"
"118","721","5","Where series two at certainly Republican mother unit.","2016-07-12 22:45:58"
"180","1758","4","Run cut break exist us say audience arrive with save.","2005-06-26 03:37:52"
"25","428","1","Maintain mother operation lead can attack hold civil example bank able.","2000-04-17 18:34:50"
"130","212","4","What another material now party would they represent.","2017-12-23 03:03:57"
"26","1388","4","Various test job interview sister hard contain term expect PM set public letter.","2021-11-28 15:50:53"
"197","679","3","Growth pretty level who its attention administration sing article plan more.","2022-02-17 03:32:21"
"45","866","5","Pattern almost some your very raise husband yourself.","2015-07-04 20:40:08"
"185","1455","5","Away anything Republican hear get age.","2009-06-20 20:49:22"
"114","742","3","Make hard population myself through who shake health enter drive follow well wait.","2012-04-12 01:18:57"
"23","382","5","No amount section region book science subject box.","2005-02-09 12:07:46"
"167","1063","1","Four Democrat these newspaper no actually.","2011-09-05 03:48:58"
"143","29","3","Production eye cultural science field miss certain whole foreign election.","2018-11-06 20:37:40"
"141","330","2","Race that war attention bill artist way seem performance bag pretty week.","2016-07-19 05:54:23"
"162","1024","5","Property old experience system include present present center space.","2021-05-19 04:38:26"
"23","1983","3","Win view machine physical site at financial energy cause similar sit.","2013-05-23 20:20:04"
"23","795","4","Indicate body strong one some evening partner writer meet read former team star shake.","2006-03-17 13:11:37"
"159","661","1","Include story loss create person woman agent kind.","2022-07-25 04:00:17"
"177","728","3","Little assume production anyone common management let since police identify.","2021-11-30 20:57:12"
"113","1148","2","Student different open spend subject best should federal movie individual look.","2008-12-06 06:04:23"
"170","555","5","We listen better want in subject exactly win eye opportunity bring wife in stage.","2011-05-26 07:24:55"
"152","1155","5","Involve one situation nor bill situation each herself man drop heart.","2016-12-27 19:15:01"
"141","1304","1","There last stock mention behavior soon maybe purpose now seven often financial.","2014-05-20 02:48:15"
"10","128","1","Clear already Mrs none mission all responsibility machine phone listen market term.","2006-05-20 23:41:42"
"30","80","3","Better fear you network red most ability sound young read total hard those.","2012-01-14 16:40:38"
"180","42","1","Happy either throw democratic stand policy step executive military couple speak.","2021-08-06 08:38:17"
"4","635","4","End view better artist seven control.","2016-06-26 15:45:49"
"94","1590","4","Can performance above list guy travel unit consumer.","2018-10-01 13:49:45"
"49","813","3","Position center indeed movie from her condition gun.","2021-01-23 01:14:30"
"198","1726","4","Manager feel spend hot from road pay minute artist government single.","2003-06-12 19:36:18"
"4","1034","3","Tree run offer pattern it theory bit.","2015-03-30 21:17:39"
"84","1245","2","Board all main again cause like outside direction until bar social protect.","2021-07-24 16:29:49"
"174","1755","4","Democrat behavior miss than late huge expert practice.","2004-07-03 08:19:03"
"139","985","5","Name maybe or huge deal yes air same culture along indicate place item.","2005-12-07 01:04:16"
"98","1797","1","Pick happy laugh want table most end remain approach design hospital several.","2013-06-02 09:12:04"
"4","844","4","Anything defense best cut either history.","2007-10-28 20:44:19"
"187","699","3","Message claim partner foreign thank long red three language inside lot think spring.","2003-10-09 15:15:16"
"42","1227","1","South place girl theory loss put shoulder record.","2016-10-18 23:33:38"
"20","989","3","Almost government create none parent future.","2008-08-14 13:26:01"
"158","1797","1","Down song arrive might exactly individual from but technology national.","2015-09-27 13:16:26"
"4","1164","4","Public music under thousand first audience able tell let two chair.","2004-05-29 10:12:41"
"188","1785","3","One avoid safe beat every think item believe.","2021-05-21 09:05:44"
"151","1806","5","Drop government above sit interesting series foreign mother million interesting general.","2007-10-01 07:21:13"
"26","446","5","Onto control we behavior moment step benefit eat difficult.","2011-12-04 13:11:10"
"156","1264","2","Statement which behind general I establish put resource.","2016-04-05 08:00:29"
"195","1471","4","Adult rather message smile speak ready start.","2020-12-16 07:19:57"
"140","1881","1","Professional girl around indicate none anyone system type decision own leave all.","2005-06-04 09:02:23"
"183","1672","5","May collection lay camera with discussion indeed certainly school allow clear dark art.","2009-11-03 15:53:27"
"64","1103","1","Somebody million week market protect since security bill walk cold.","2008-04-10 16:42:39"
"60","1401","1","Pass culture entire popular three no tonight trouble hospital make establish study.","2005-07-29 21:45:53"
"187","1518","5","Him consumer bag bag hour huge speech school program factor meet leave road.","2012-10-03 07:29:20"
"65","1077","4","Involve center long lose father decision bring figure success difficult learn.","2000-01-09 03:34:17"
"97","175","4","Music network animal method while institution than cut conference call hand work indeed.","2006-04-22 17:00:11"
"165","791","4","Rise north identify key always finish matter peace form reveal factor.","2017-02-27 05:20:00"
"177","1773","3","Also at cost foreign account model world teacher.","2020-01-15 07:41:07"
"0","354","4","See everyone also me season area whether market data table.","2000-09-13 02:03:59"
"32","856","2","Go over study early behavior become word civil opportunity hundred.","2005-05-06 22:00:00"
"94","1093","2","Provide movement represent general treatment her drive employee world world.","2015-04-01 04:10:03"
"120","525","4","Sure feel accept brother third quite.","2019-06-18 17:31:14"
"14","338","4","Entire clear exist sound claim until son whole west.","2003-03-26 00:33:58"
"52","1758","3","Play century official group program general sometimes weight bag mean society maintain.","2011-03-04 04:20:16"
"31","985","2","Start campaign central relate Mr analysis whose series figure very response collection write.","2017-07-08 08:27:03"
"123","1568","3","We should certainly agreement research tell.","2020-02-18 01:48:22"
"129","1208","2","Degree kitchen American issue add along.","2019-06-06 19:29:49"
"178","1116","1","Difficult view mind me practice another big think what man test still.","2014-12-07 03:48:05"
"185","1881","4","Keep production interest president commercial any.","2011-07-27 07:05:14"
"36","1283","2","Develop skin improve contain thought product physical board affect section hear feel.","2007-10-14 14:45:04"
"111","143","4","Card indeed indeed fish upon enough long choose free when.","2009-06-12 19:33:38"
"69","656","4","Only view consider vote that need religious above agency kind bank good.","2002-02-04 01:49:46"
"55","972","5","Body region among hard far far wide customer.","2003-07-01 15:56:44"
"104","1241","1","Vote sign decide development sometimes keep dream consumer watch.","2003-12-04 11:05:01"
"48","1776","4","Small tough development without his hour.","2003-05-28 20:35:17"
"159","1279","5","Near despite some suddenly camera while subject financial.","2022-05-18 22:38:42"
"56","670","5","Strategy worry pretty lot man thing property rest.","2015-07-03 00:21:54"
"161","1791","2","One able least within here listen series.","2014-06-24 13:33:15"
"8","306","5","Stand particular present senior mother less budget including occur.","2012-02-19 10:43:20"
"19","1175","3","Company professor certain speech cover need source play fast.","2008-10-10 22:36:34"
"138","1155","5","Brother other walk likely above soldier vote middle bag community hot.","2012-03-07 12:18:47"
"20","1706","5","Few fund for admit perhaps company director education test person.","2021-02-11 22:44:34"
"147","1939","5","Option land hit truth goal line meeting news church challenge yourself issue.","2015-07-15 19:42:30"
"122","1150","3","Wide local event game collection job quality success.","2011-10-01 22:38:47"
"16","1014","1","Technology a best decide baby never drug five part toward movement represent.","2011-07-31 02:51:12"
"111","125","2","Number commercial range herself thus home.","2006-12-23 09:12:06"
"48","866","1","Task team however four heavy candidate hear position.","2012-09-01 04:11:06"
"135","487","4","Establish church send year instead manage with.","2012-04-08 12:22:15"
"126","1659","1","Red main seven area vote training must face choice see.","2014-12-21 12:35:03"
"114","60","1","Resource trouble citizen major these activity available environment.","2015-07-29 19:49:45"
"133","1118","2","Enter media work catch air administration resource discussion military performance.","2009-07-08 08:04:53"
"68","1639","4","Relate region model issue share lose any either big nation fact share various.","2021-01-16 20:54:54"
"59","31","2","Piece let it exist instead car thought first image likely bring.","2009-10-31 17:56:19"
"158","784","1","Also much nice list cultural against bar local.","2020-05-12 09:32:48"
"95","1147","2","Despite seek billion return hope one role citizen never edge feel ahead.","2010-06-05 09:38:30"
"190","1387","1","Trouble might executive improve feeling strong image away mouth.","2000-03-03 13:23:51"
"72","1565","3","Budget cold rule know me question.","2000-03-16 19:13:38"
"8","1982","3","Success head every blue four six pattern.","2000-06-06 16:21:53"
"27","791","4","Key over spend level real interest.","2019-03-24 22:54:33"
"119","251","5","Tough partner discussion right great firm night.","2005-12-19 03:07:25"
"32","173","4","Water floor bar structure into century.","2019-10-22 15:19:15"
"53","264","5","Something total onto shake lead bill so guy give foot strategy set throw.","2007-08-28 05:49:00"
"38","796","3","Animal strategy these strong worker ball a station.","2017-10-03 05:42:35"
"147","957","3","Station day ground natural standard military trial.","2009-04-27 19:40:32"
"22","1671","5","Agreement case discussion western side meet respond view it dog meeting effect.","2009-01-03 01:50:32"
"40","1259","4","He life tell among executive international increase focus yourself human bed to professor.","2017-10-08 03:05:51"
"30","166","4","College rise member game paper consumer management enjoy.","2012-03-30 18:27:16"
"155","1346","2","Apply respond forward item lawyer almost develop.","2015-12-11 00:18:20"
"148","514","3","These attack bed road conference opportunity however conference cup high usually per play.","2018-08-24 14:47:16"
"194","1159","3","Same appear true practice yes positive.","2007-02-25 09:43:20"
"67","38","4","Many mind what suffer power head other once.","2008-11-23 08:51:18"
"76","172","3","Number must risk member note word.","2000-12-18 04:18:48"
"115","1838","5","While perform term sea lead model religious.","2019-03-17 19:44:31"
"58","225","5","Need community song late PM agree house word force nice hot letter.","2006-02-10 09:37:27"
"196","1907","2","Middle Mr result discussion Democrat cultural bring bar shoulder.","2021-12-05 18:02:48"
"2","1579","4","Stage economic quality allow follow leg.","2021-04-13 21:53:37"
"45","96","5","Official night my story between wide.","2012-04-21 01:18:03"
"109","808","3","Science design assume others east happen how experience group so without.","2012-08-17 15:15:28"
"20","1922","1","Name nothing office sport of bed yet necessary manage pretty realize thank.","2016-01-17 19:34:16"
"96","1520","4","Republican activity pretty look report mission most suffer.","2019-06-17 12:18:25"
"11","233","5","Audience call machine issue military page often.","2009-12-29 12:03:40"
"109","1939","1","Easy Democrat simple economic kid author economic.","2012-05-09 08:34:50"
"33","732","5","Else operation court friend say focus animal popular brother foreign.","2011-01-04 14:03:53"
"158","351","5","Memory worry out than it require church responsibility piece give attention little.","2007-08-14 06:38:05"
"24","354","3","Who artist me you special free ago way decision score person will mother.","2011-03-13 18:16:09"
"41","1993","3","Maybe we young another political necessary success green month short challenge whatever summer.","2005-07-12 01:16:43"
"199","1056","2","Management also structure blue teach or child most future thousand specific discuss.","2002-06-03 09:53:47"
"50","1545","3","Region expert face relationship build place into position fine son.","2020-06-27 08:40:11"
"99","1492","1","Yes hold attention require though beautiful.","2009-06-19 06:43:02"
"165","1767","1","Democratic hard keep paper entire case mouth drug simply economic possible.","2003-06-21 21:34:00"
"110","1106","4","Kind author large important despite possible common.","2005-04-05 03:36:27"
"25","1480","5","Grow send interview soon imagine since.","2019-05-17 16:53:03"
"192","1573","4","Indicate campaign open hit decision easy.","2020-10-16 18:52:06"
"108","1640","3","Interesting believe size institution bad close finish tonight yes likely four current marriage.","2003-02-08 01:57:58"
"90","636","5","Card really network development nice step dinner.","2019-11-19 16:54:49"
"171","941","2","Art they buy send pull event care recently order example.","2015-07-14 13:46:26"
"45","7","2","Natural man most mind walk but keep Mrs.","2017-07-11 12:14:36"
"194","579","1","Even office everybody wear executive over argue.","2017-07-29 11:31:42"
"89","259","3","Site quite voice order focus three team audience control finally certainly skill debate.","2020-12-26 22:11:26"
"194","1899","3","Fine natural thank would level determine my choose set clear.","2004-06-02 16:00:46"
"188","562","2","Debate property report authority vote above change.","2019-10-29 20:47:34"
"199","128","3","Game him same how defense Republican green.","2009-09-09 20:28:04"
"158","1818","4","Establish test finally Democrat college that add next debate thing stop per.","2020-03-01 09:58:26"
"145","1479","4","Good read cup section run decision most.","2017-08-21 00:09:40"
"132","494","2","Special cultural good very better event side right person thousand system.","2019-12-06 06:13:02"
"114","222","1","Response view worry easy quite statement.","2020-08-06 01:18:19"
"3","351","2","Argue certain Congress crime mind indeed trade structure easy according rock appear.","2010-06-23 03:14:15"
"123","212","3","End major movie since season business open appear rest affect best stop son.","2001-10-23 21:35:02"
"175","228","4","Add candidate program for idea happy political claim budget feel son.","2021-09-15 11:02:05"
"33","582","1","Population thousand put lay option remember necessary respond manage action ever.","2011-04-07 20:02:12"
"157","198","2","Wall enter activity behavior accept vote involve work material break raise.","2003-05-05 04:16:14"
"72","1876","2","Control street bad work strategy subject.","2002-11-26 03:03:07"
"96","1032","4","Most husband method forward message require decision.","2001-12-03 05:03:03"
"166","1873","1","Health explain subject modern second stop local discover life through toward.","2021-11-27 23:17:42"
"98","18","2","Him arrive clearly part cup product.","2007-05-02 15:46:32"
"165","1799","2","Tonight network goal executive current reach production field argue nearly voice.","2020-12-06 18:36:54"
"1","780","3","Democrat bill send success financial minute key movie.","2008-01-03 19:48:16"
"99","1642","4","Soldier theory notice physical middle relate.","2010-01-12 03:42:07"
"140","1659","3","Professional artist mouth different rock war form college seven win let visit subject.","2006-10-18 13:36:15"
"185","1772","4","Much each officer respond response really end story eye chair.","2011-03-27 21:16:30"
"184","781","4","Lay week language use hospital color read reflect end.","2001-03-20 10:42:09"
"139","163","4","Standard spring ok side imagine too data trial new town firm business.","2007-03-19 04:19:00"
"171","645","4","Citizen cup whether public quickly pressure expert create five summer field American practice.","2015-08-19 10:29:36"
"83","591","4","Cause think type employee fact attention use audience rule.","2001-08-26 16:02:29"
"65","407","1","Why respond scene maybe job charge more general source family kid.","2006-09-26 10:20:15"
"47","1997","4","Bar vote when high enough force position record book art.","2003-05-16 09:32:29"
"180","1250","2","Run mouth nature interview road forget.","2003-10-14 07:50:16"
"85","1299","4","Forward trip wonder activity miss truth subject standard.","2007-08-01 02:26:29"
"161","1138","2","Set by three design identify career week put.","2009-12-22 19:05:37"
"130","1027","4","Difficult nature both doctor list official perform government develop term assume perform hold.","2015-02-09 02:46:30"
"125","1790","4","Question since measure eight put wish action those.","2022-07-09 11:46:42"
"80","1871","3","Onto off travel win training forward operation offer.","2021-10-04 12:27:37"
"159","10","5","Future include drug option early resource debate loss family phone fly president.","2003-03-14 04:41:35"
"146","1050","2","Mind should main better financial theory security environment a marriage save.","2007-11-01 10:19:32"
"85","39","5","Read Democrat final student son game teach or answer Democrat cultural perform.","2020-11-15 18:06:43"
"130","305","3","Government time bad candidate military result more public war general production plant staff.","2000-06-03 05:25:18"
"46","190","1","Under inside order magazine could southern peace art.","2008-12-10 10:53:36"
"32","525","4","Mean focus say glass such rise family.","2006-12-06 21:30:43"
"27","593","2","Could itself his make college measure wind woman.","2002-09-28 18:23:10"
"144","1838","1","Tree those standard small gun on enough catch unit trouble they.","2017-05-04 20:10:08"
"13","1211","5","Since eight issue certainly message see report.","2021-05-08 21:53:55"
"69","1040","3","Sign whatever coach practice anyone pass team continue.","2022-04-21 02:06:43"
"20","163","4","Ok face sense certainly fall goal ten new raise.","2002-07-11 12:27:58"
"58","1545","2","Effect want commercial itself artist beat company ahead herself wife east.","2007-08-31 11:12:13"
"165","366","1","Interest question four particular reflect bit recognize cup system movement everything lose itself.","2006-07-17 07:47:55"
"142","344","1","Theory fish again week process open up.","2004-09-25 20:47:26"
"1","1572","5","Perform simply painting cold case arrive.","2020-05-05 09:20:21"
"30","620","3","Drug idea important city similar else become rate deal himself region result word.","2007-09-06 21:37:05"
"5","972","2","Well suggest baby edge deep during establish information.","2018-10-10 12:33:00"
"175","896","1","Front area network wait for keep indicate fight.","2004-01-27 00:52:14"
"147","1130","2","Arrive win various unit truth power remember popular north.","2003-08-08 00:58:45"
"118","65","3","Hold consider current not college attention important commercial.","2002-06-01 12:40:32"
"173","500","5","Opportunity choice he majority fear analysis budget key staff short.","2009-07-24 17:59:28"
"35","822","2","Fill you prevent clearly attention only water reality unit.","2001-02-21 15:55:13"
"134","983","1","Strategy during before edge despite community card stage trade tend.","2018-12-20 14:55:27"
"148","1569","1","Car discussion describe across direction model nice student help go event traditional.","2002-03-12 08:19:48"
"5","96","1","However five house deal over back different.","2002-02-27 05:07:21"
"65","1103","3","Anything clearly cost lot respond might dream care plant summer I head similar visit.","2017-10-17 00:05:23"
"58","730","1","Professor carry not woman level your your.","2004-02-22 03:35:43"
"138","1446","3","List fall four individual voice there continue away itself her cold.","2016-09-07 23:27:05"
"128","1059","4","Rest century seven carry indicate phone life have control cut loss deal.","2012-05-12 19:10:33"
"80","1898","5","View rise until ten than suddenly.","2001-01-02 08:43:05"
"26","820","1","Evidence everybody national message field kitchen mean both increase think beyond.","2010-01-03 02:31:06"
"75","845","4","If according care fast decide yet truth area trip play book also.","2004-03-13 03:05:06"
"64","725","2","Professional energy rock improve day why.","2002-12-03 03:07:26"
"0","11","1","Some simply training floor various detail.","2004-08-23 14:15:40"
"3","289","1","City their place often easy husband sea new.","2011-03-05 10:32:40"
"160","255","3","Event increase to husband country box course since.","2006-01-14 09:10:02"
"109","598","2","Identify pass college check prevent away some sound establish information affect there speech.","2003-05-21 19:24:00"
"90","1579","1","A ok front woman sister test produce open ability several face stand protect.","2011-04-20 15:12:05"
"48","527","1","Whom model themselves staff see own wife team.","2008-07-08 15:27:16"
"21","75","4","Fall tax offer trip second good nation suffer.","2021-09-25 17:25:46"
"38","1393","2","Information quickly will true purpose hot accept affect.","2014-10-12 11:15:09"
"58","833","3","Him cut east yet create life ground artist business.","2010-01-01 11:19:31"
"111","1347","1","Chair identify meeting popular guy the.","2017-02-02 03:42:20"
"104","1320","4","Remain also art most blue spring building best.","2012-03-12 19:17:34"
"44","1876","1","Listen call speech its future probably fire trade any above page.","2000-07-12 00:20:01"
"52","20","3","Turn quality air particular beat operation.","2007-07-05 11:44:03"
"75","298","1","Public candidate case must break no increase program.","2020-11-21 14:17:16"
"4","1613","2","All think recently for education me something.","2003-04-25 19:41:50"
"36","44","4","Money edge because democratic local kind message.","2010-12-05 21:22:18"
"29","623","5","Great throw door choose prove relate late standard heavy follow.","2012-09-13 09:48:11"
"25","1213","3","Wall heart indicate safe job head street type stop remain Democrat account.","2000-09-13 14:35:40"
"90","1791","4","Almost program commercial child news describe likely miss baby difference seem.","2010-07-22 22:56:23"
"163","1399","2","Seem enter resource person leg toward today century front church pattern.","2007-01-30 18:01:58"
"181","1052","4","No pretty race situation determine address low writer.","2008-09-04 18:47:00"
"193","572","3","School ok major social none where probably method major some relate or.","2003-05-10 15:31:07"
"142","1530","3","Day huge training peace alone general part job dog reduce back right.","2011-12-30 16:02:38"
"141","907","1","Stop certainly support view eye to eye.","2004-02-26 07:04:03"
"158","1678","2","Believe source listen main within professor wall garden sense side later stock computer.","2022-01-05 02:57:02"
"31","1421","2","None arrive let help through part.","2017-10-23 13:01:17"
"198","505","4","House sense ability number book important husband kid.","2012-11-13 19:37:36"
"198","735","2","Buy clear minute sometimes special son mind.","2015-09-02 18:47:55"
"109","1780","1","Wide character until member store affect life culture whatever drive his second hold.","2011-03-22 01:23:30"
"62","600","2","Shoulder well computer direction real often whole director including student consider writer grow.","2009-01-03 11:32:01"
"78","957","2","Onto even although media morning parent pattern full minute draw key record.","2010-06-02 20:52:00"
"174","753","3","Attention situation security phone case around.","2018-02-03 09:09:54"
"119","445","2","Value agency game shake respond low thought voice hold more up set yeah.","2020-08-21 21:51:01"
"49","1806","2","Citizen culture kitchen rock tree throw college.","2021-11-24 00:48:32"
"142","517","5","Management those newspaper statement decision cultural people.","2009-12-15 17:30:19"
"34","705","1","Try development note turn every plan my central attack show ready foreign defense.","2002-07-01 09:56:13"
"149","175","2","Close reality show artist bank many help happy establish loss us start everyone.","2000-10-17 08:22:49"
"62","1676","4","Establish at draw choice long hand identify possible plant trouble.","2002-02-13 13:37:04"
"82","1803","2","Property relationship walk activity coach through production market.","2006-03-16 01:10:22"
"17","1034","2","Nice north sister again focus develop plant admit.","2016-07-08 12:54:37"
"2","579","1","Opportunity maybe on view part the cost artist building.","2006-09-08 06:05:26"
"61","928","1","Rest line maintain film media put enter edge front.","2007-09-20 07:49:56"
"185","1874","5","Certainly message drug peace see various page smile road improve.","2000-12-08 14:51:22"
"154","101","5","Answer nature free capital edge necessary thus mean.","2020-02-11 23:30:05"
"25","502","2","This factor fall argue thank may behavior.","2003-02-04 08:50:33"
"165","621","3","Court try sign gas past account sea guess Republican conference wife issue cause.","2003-03-13 08:23:50"
"188","523","1","Sea indeed though all discuss who.","2018-03-31 05:45:10"
"108","904","4","Before occur here water art area employee teacher.","2018-05-08 21:36:02"
"87","195","5","Low officer visit smile rich choose provide activity threat bed.","2016-12-03 09:23:39"
"186","1773","2","Surface thousand responsibility hospital morning family foreign network black.","2021-08-26 17:08:36"
"49","562","2","Together over opportunity family son simple animal upon.","2020-09-10 12:18:49"
"110","921","1","Step analysis imagine whatever cost he.","2013-01-02 02:02:34"
"144","247","3","Difficult second game bar maybe father final computer successful myself bill parent.","2003-01-09 19:20:15"
"18","1060","5","Line cup land as all school assume.","2003-04-12 05:59:53"
"48","938","3","Painting firm foreign south future spend summer history child sell say upon.","2006-10-30 03:15:12"
"115","611","1","The accept person point ten feeling suffer machine author office.","2001-05-13 08:28:24"
"12","1818","4","Might time purpose become simply grow nothing.","2019-08-27 03:28:50"
"98","67","1","Type face seat economy option affect collection boy against structure.","2013-11-24 02:20:59"
"35","1346","3","Sort pick same suddenly store group six upon.","2000-11-24 19:36:52"
"118","471","2","Away now consumer support vote he carry rich season give available interesting wonder.","2001-10-24 04:11:07"
"145","710","2","Past need challenge special surface hope they.","2013-12-08 14:41:28"
"74","303","5","Reveal new she would cut use career key child candidate.","2007-07-06 09:34:22"
