"0","tamaramorrison@hotmail.com","pbkdf2:sha256:50000$PuGLgt7l$09b137b8e8835a835d86fff5ba00c66fdde7b84792cfecf9184fee1a2ab52126","Gary","Cross"
"1","martha10@hotmail.com","pbkdf2:sha256:50000$PWVCQDGK$7dca43709d5c37300cc99b09524410db693f0f44fe6b8872f1c4fc9425dc4916","Denise","Thornton"
"2","deborah64@gmail.com","pbkdf2:sha256:50000$ynYlZcdD$0584c86d033782560ca9e6e6d39e59487e27f0b3ba4cbaac4634c91237a9b1ed","Jeanne","Green"
"3","franklinjames@yahoo.com","pbkdf2:sha256:50000$mDBPNN6L$57eb8ff55fb2379deaa8fd07a3ed07838c1ded317172f67d565ff40b14dae299","John","Hoffman"
"4","samanthasims@yahoo.com","pbkdf2:sha256:50000$WqzYMXPT$0b1b717bdd8a003a4cff75dcfa355a55ae1cec1294d4f8a38e2e5620516aa1c8","Timothy","Parker"
"5","taguilar@hotmail.com","pbkdf2:sha256:50000$Kih22SnG$6478b57d653fb1464809b11983cf1369019e761d42837029b136feb7260b0e88","Linda","Freeman"
"6","georgedavid@yahoo.com","pbkdf2:sha256:50000$XEP8aUHD$7a7ae2d943a3e341e6cd0b95605d7806f0b35ef9bca5b4459ec3ecc04a3fa7b3","Sandra","Brown"
"7","chad50@yahoo.com","pbkdf2:sha256:50000$QSo6PQxS$c3a565795469a0c27e49bdc30ecf8c5452f3ed0f11842efc3fc935f337ee8a1c","Paula","Wilkerson"
"8","jyang@hotmail.com","pbkdf2:sha256:50000$pDwoCQUA$21ac23802cdb9000331207da6cd4653478060d7405001898a3fbb180ae0f9187","Willie","Garcia"
"9","bramirez@gmail.com","pbkdf2:sha256:50000$pODro62r$b62ab4c92bfb70dc5aaa8acab800ba56b7cde819c7f7ed94dbea8db3fd72936e","Michael","Montgomery"
"10","kellypeter@gmail.com","pbkdf2:sha256:50000$xhYJp2F0$d92f3277c34d1a0670991c878c00935f5d2f47538c2bf922268d93f6352d4ddf","Melissa","James"
"11","tarasanders@gmail.com","pbkdf2:sha256:50000$j5sJBxxE$bc508dd7efda3417b156334d8e6f00ee7ec0fee60b8376ac88b60f6e559857f8","Lisa","Bush"
"12","virginia18@yahoo.com","pbkdf2:sha256:50000$uu1m2tuP$604c80262c38f958ab5b64ddd40395a1f5aad8e8866da9342af24a48d5a6e1f1","Bruce","Miller"
"13","jensenanthony@hotmail.com","pbkdf2:sha256:50000$9KH320u1$0607675869c61f86c05e49ae07fe3cfb20648c8bf97cf5fee696824bb897d2db","Mark","Burnett"
"14","kmalone@gmail.com","pbkdf2:sha256:50000$muhX8FoY$73113e2502733253c9f20aa2d988fd84cf77ed3aa11acba93a68ffb3112d446b","Courtney","Valdez"
"15","kingerin@hotmail.com","pbkdf2:sha256:50000$PbkTVDQ3$c5c3acbf6b4c1f7f643467d876e04058f15c7969b8ba31bc6c35d321b9675992","Henry","Moss"
"16","meganbrady@gmail.com","pbkdf2:sha256:50000$qZVWAwso$b8a54ca496aa5f564ec37685f860794dda6c513e14c28cffacf3af8db2942b7a","Amy","Fowler"
"17","kgomez@gmail.com","pbkdf2:sha256:50000$3ej9LYcY$3bc6400c2c6c29ca9aec412a450e9e78f6a94548e42cdee63fd3eac9cd8e1dc8","Tammy","Reilly"
"18","thomaspeters@hotmail.com","pbkdf2:sha256:50000$b1tQEtrr$b4ea470a56273407b00b015d9984ff95b606e0083aac5c36ef0de03a34f9bec4","Robin","Harris"
"19","susan06@yahoo.com","pbkdf2:sha256:50000$8D6UBW3M$28a95788071363c2e9aa92d17a111a94f7ae38f726cb38b11a82b5877c1df420","Jared","Vaughn"
"20","william86@gmail.com","pbkdf2:sha256:50000$aWp2KDyW$a325804fcd16958e68a724345cb29202684dda139620a7668ae697255b4bddb5","Lauren","Mcdaniel"
"21","michaelanderson@hotmail.com","pbkdf2:sha256:50000$txbIzYWE$f53403dedca554dd7d18b612c1d7f22c7e3219d0f722bf102647fee491751b11","Brian","Richardson"
"22","deleonwilliam@gmail.com","pbkdf2:sha256:50000$urLUQ1dK$72c546d00c45e221ae7f9de0ca3775300973b9c31b72c7260f25dc827614ecc6","Maria","Harris"
"23","joshua07@yahoo.com","pbkdf2:sha256:50000$XfpjV6a3$04f340113fd0a5ff85ea437c1fccb7a7f563631abd46de1a5737f909dcbeaaf2","Heather","Davis"
"24","leonardsutton@gmail.com","pbkdf2:sha256:50000$fxewRSBA$81f7c98cec56a6baf6ce161265fb4da506083928870ed202d4eed6b56ed26764","Patrick","Spears"
"25","hromero@hotmail.com","pbkdf2:sha256:50000$FtxEi4Eb$8fc551c6f58313d46ea1f33b0755acc9d4710e08abf63218df5437c25e158e2c","Debra","Aguilar"
"26","angela30@gmail.com","pbkdf2:sha256:50000$SocrV5kB$9329cfe7cd544a4e5d6c81bfead29c4a1123fa8b2c78be89f002727ecf10ac72","Cody","Crawford"
"27","ygraham@hotmail.com","pbkdf2:sha256:50000$vd6dPV1o$ca22064fb687e018b67ed145f252ef7b75810d10d96e488514dee0565010f2eb","Cynthia","Faulkner"
"28","millerlori@yahoo.com","pbkdf2:sha256:50000$VHQpiCZZ$d7820e557ed9a111a831f2e9fe3a54503da848e6f17055211fcf911768efe13b","Kelly","Casey"
"29","pmartinez@yahoo.com","pbkdf2:sha256:50000$TNVYxAw0$4814261c699557f4004a5bbe9d9644cafcae199d9593c872ada41c1e196106bb","Thomas","Patel"
"30","stafforderic@gmail.com","pbkdf2:sha256:50000$pTodAbUN$76f8250dbeee956162f5ca6bc3ddf97501b57d636258a492e9e729cdcc30dd77","Johnny","Martinez"
"31","smithsabrina@gmail.com","pbkdf2:sha256:50000$wYRbSYzK$088a8431702e67539ad6443d89e9f9037278a06ca227e6afbe13205faa199cff","David","Turner"
"32","rmiranda@hotmail.com","pbkdf2:sha256:50000$7ddECzoB$d218a23ddfb97be666b44daa965d0d0855e3502c0b30ccffd981fc34bc85eab8","Evelyn","Hendricks"
"33","millersamuel@yahoo.com","pbkdf2:sha256:50000$QOWo3Rlz$6c050ce1591617951082e5e11ac9205985e7022cf34b5ad8266960c71a0195cb","Paula","Walter"
"34","cherylstewart@yahoo.com","pbkdf2:sha256:50000$L3XMBqmF$5f7d0999eae7d8a2017c6e6eccd650bb8d7c709d4b9a22d6caeb47e261e0be48","Derrick","Webb"
"35","santanajimmy@gmail.com","pbkdf2:sha256:50000$dFqH9jgc$bd98ae786c1048367dbeeef23d2668034c7be5cfc026978fa0ac67ed276eac1d","Patrick","Graves"
"36","stephenbeck@yahoo.com","pbkdf2:sha256:50000$Km55c4l6$438432de06cfffd0d0b42c4107902cd645103b0108f45a480792108a37e3882c","Leah","Bell"
"37","palmercassandra@hotmail.com","pbkdf2:sha256:50000$E67eL2Fx$104f2a2a5c52f17d72a0372cf4e225043c08b94496e0a680a5b4966b439fd1aa","Dalton","Fritz"
"38","alisongreer@yahoo.com","pbkdf2:sha256:50000$hsCGW1c4$04a2e3e9f3f53cf74107bf41317cc4cdcffe97ac2ad6388b4f7ea3778bd2e917","Madeline","Stevenson"
"39","jasondavis@hotmail.com","pbkdf2:sha256:50000$sxppCMxs$ef1b7b427f89ac73e14138520152188cb8ebe711496d28162de8538e8f6f8fa5","Valerie","Charles"
"40","markchan@gmail.com","pbkdf2:sha256:50000$yRAWaBpS$2b5272eb4109266a0df19e0ea3be090d1fdc0c62e5f84cf3f7d50dc68053d841","James","Scott"
"41","castroallen@gmail.com","pbkdf2:sha256:50000$S3saBDBN$140d16208480639373168249c257ebeda65ac2e4769809191e255c3fa9b23a8b","Jennifer","Garcia"
"42","caleb01@yahoo.com","pbkdf2:sha256:50000$pRdpqH3x$25c99f95f2df6de92486238d27c92e184c15b87331138720e820c946477807d5","Keith","Jones"
"43","guerrerothomas@hotmail.com","pbkdf2:sha256:50000$o2yBcR92$def13a1830548194f6737d269033651446ea6f63d9542cc56efe66c989bbf325","Lori","Moore"
"44","allison58@hotmail.com","pbkdf2:sha256:50000$nlcA3XfX$859c210b9458bcbcf5f484c94e3c7c1ead16139b0319706ca062c9c7b0500c66","Ariel","Freeman"
"45","jeremy24@yahoo.com","pbkdf2:sha256:50000$JchBq2Ze$29f8b93657859c352bad8672d2eaef4e378017c790fd6a9f7f633a91eca7383d","Randy","Bernard"
"46","johnny46@hotmail.com","pbkdf2:sha256:50000$S3b8v4fQ$5949b29e4c5cc6d1cb6724b6947e01317f6deb095bf71f276d2a5e1aef358abe","Timothy","Kerr"
"47","james07@yahoo.com","pbkdf2:sha256:50000$xfZvfGOI$36cfa1bb21b79a32fc63779cf43bf3d41f9c336e0718457f3d3003aa190b7479","William","Crawford"
"48","marquezpaula@hotmail.com","pbkdf2:sha256:50000$MAZ6z9E6$9394102bcb18f182aa7fdcd395a228576ed5dbbf43eba6b1e45ad3f8c226bba9","Jonathan","Davis"
"49","josephmason@hotmail.com","pbkdf2:sha256:50000$mZGpVHRO$7251f09429f16b70bbb1cf8aca7815193a9fd49f63c9b2bd463b73c1280cdca7","Kathryn","Noble"
